Micro Evento,Sintoma
06/06/1923,Fadiga associada à AIDS
09/06/1923,Hepatomegalia associada à AIDS
12/06/1923,Mal-estar associado à AIDS
06/07/1923,Nistagmo de vertigem posicional paroxística benigna
09/07/1923,Perda visual súbita
12/07/1923,Vômito agudo
06/08/1923,Dor de garganta
09/08/1923,Dor na garganta
06/09/1923,Síncope
06/10/1923,(Distúrbios visuais não observados) ou (ambliopia) ou (visão embaçada)
06/11/1923,Ausência de menstruação (amenorreia)
06/12/1923,Angina
09/12/1923,Dor
06/01/1924,Sintoma de anorexia
06/02/1924,Oligúria e anúria
06/03/1924,Desconforto visual
09/03/1924,Os olhos se cansam facilmente
12/03/1924,Sintomas visuais
06/04/1924,retinopatia diabética pré-proliferativa do olho direito
06/05/1924,retinopatia
09/05/1924,retinopatia não-referível
12/05/1924,retinopatia referível
06/06/1924,Hemibalismo
06/07/1924,Alteração visual
06/08/1924,Massa da estrutura musculoesquelética
06/09/1924,Dor de cabeça na menopausa
06/10/1924,Peau d'orange na superfície da mama
09/10/1924,Subinvolução da mama no pós-parto
06/11/1924,Tosse de fumante
06/12/1924,Distúrbio da sensação cutânea
09/12/1924,Glossodinia
12/12/1924,Glossopirose
06/01/1925,Quase síncope
09/01/1925,Síncope
06/02/1925,Dor
06/03/1925,Cefaleia do tipo thunderclap
09/03/1925,Hemiplegia
12/03/1925,Nistagmo de Bruns
06/04/1925,Ataxia cerebelar
06/05/1925,Ataxia cerebelar
09/05/1925,Distúrbio mioclônico
06/06/1925,Dor
06/07/1925,Dor na região da cabeça e do pescoço
06/08/1925,Cancro tripanossômico
06/09/1925,Movimento coreiforme oral
09/09/1925,Movimento involuntário
06/10/1925,Vômito crônico
06/11/1925,(Rinite crônica) ou (catarro não especificado)
09/11/1925,Corrimento nasal purulento
06/12/1925,Dor
09/12/1925,Dor de cabeça
12/12/1925,Dor neuropática
06/01/1926,Constipação
06/02/1926,Coma e estupor
06/03/1926,Catarro sinusal
06/04/1926,Massa da estrutura urogenital
09/04/1926,Nódulo perineal
12/04/1926,Verrugas no pênis
06/05/1926,Convulsão
06/06/1926,Pigmentações e depósitos na córnea
06/07/1926,Outras formas de angina pectoris
06/08/1926,Cãibra
09/08/1926,Cãibras no banho de imersão
06/09/1926,Dor
09/09/1926,Dor neuropática
06/10/1926,Crise do pênis
06/11/1926,Dor
06/12/1926,Coloração extrínseca dos dentes associada a hábitos orais
09/12/1926,Coloração extrínseca dos dentes associada à higiene bucal inadequada
06/01/1927,Sensibilidade dos dentes ao calor
09/01/1927,Sensibilidade dos dentes ao frio
06/02/1927,Irritação da pele
06/03/1927,Condição eritematosa
06/04/1927,Lentidão e baixa capacidade de resposta
06/05/1927,maculopatia diabética do olho direito
09/05/1927,maculopatia diabética no olho esquerdo
12/05/1927,retinopatia diabética de fundo de olho esquerdo
15/05/1927,retinopatia diabética de fundo do olho direito
18/05/1927,retinopatia diabética pré-proliferativa do olho direito
21/05/1927,retinopatia diabética pré-proliferativa do olho esquerdo
24/05/1927,retinopatia diabética proliferativa do olho direito
27/05/1927,retinopatia diabética proliferativa do olho esquerdo
06/06/1927,retinopatia diabética de fundo de olho esquerdo
09/06/1927,retinopatia diabética de fundo do olho direito
06/07/1927,Alteração visual
09/07/1927,Diplopia monocular
12/07/1927,Diplopia refrativa
06/08/1927,Achado clínico
09/08/1927,Achado de vômito
06/09/1927,Grito da síndrome de Down
06/10/1927,Olho seco
06/11/1927,Fezes soltas
06/12/1927,Adiadococinesia
09/12/1927,Discinesia neonatal
12/12/1927,Disdiadococinesia
15/12/1927,Disfunção motora
18/12/1927,Problema de coordenação
06/01/1928,Dor à penetração
09/01/1928,Dor nos órgãos genitais femininos
06/02/1928,Dificuldade para respirar
09/02/1928,Dispneia paroxística noturna
06/03/1928,Distonia diurna
06/04/1928,Paracusia
09/04/1928,Recrutamento de loudness
12/04/1928,Sangramento no ouvido
15/04/1928,Sintoma de surdez
06/05/1928,Convulsão
06/06/1928,Fome
06/07/1928,Nódulo de Osler
06/08/1928,Dor na estrutura endócrina
09/08/1928,Massa de estrutura endócrina
06/09/1928,Dor
06/10/1928,Dor
06/11/1928,Condição eritematosa
06/12/1928,Aura epiléptica
09/12/1928,Convulsão
12/12/1928,Convulsão parcial
06/01/1929,Convulsão
09/01/1929,Convulsão parcial
06/02/1929,Convulsão
06/03/1929,Convulsão
06/04/1929,Convulsão
09/04/1929,Distúrbio mioclônico
06/05/1929,Convulsão
06/06/1929,Convulsão
06/07/1929,Condição eritematosa
06/08/1929,Condição eritematosa
06/09/1929,Condição eritematosa
06/10/1929,Condição eritematosa
06/11/1929,Condição eritematosa
09/11/1929,Dor
06/12/1929,Condição eritematosa
09/12/1929,Dor
06/01/1930,Impactação de bolus
06/02/1930,Condição eritematosa
09/02/1930,Enxaqueca
12/02/1930,Erupção cutânea meningocócica
15/02/1930,Erupção macular
18/02/1930,Manchas na pele
06/03/1930,Exoftalmia devido a edema ou congestão orbital
06/04/1930,Hemibalismo
09/04/1930,Movimento atetóide
06/05/1930,Corrimento ocular
09/05/1930,Distúrbio relacionado a lentes de contato
12/05/1930,Oftalmoplegia interna
06/06/1930,Blefaroespasmo
06/07/1930,Falha no desenvolvimento fisiológico
09/07/1930,Falha no ganho de peso
12/07/1930,"Peso, falha no ganho, bebê"
06/08/1930,Inflamação difusa
06/10/1930,Derrame de fezes
09/10/1930,Diarréia espúria - transbordamento
12/10/1930,Incontinência dupla
15/10/1930,Incontinência fecal congênita
18/10/1930,Incontinência fecal neuromiopática
21/10/1930,Intestinos: acidente ocasional
24/10/1930,Vazamento de fluido fecal
06/11/1930,Sofrimento fetal - em trabalho de parto
09/11/1930,Sofrimento fetal - pré-parto
06/12/1930,Dor
06/01/1931,Convulsão
09/01/1931,Convulsão parcial
06/02/1931,Massa da estrutura digestiva
06/03/1931,Virilização
06/04/1931,Constipação
09/04/1931,Espasmo intestinal
12/04/1931,Junção retossigmoide hiperativa
15/04/1931,Motilidade anormal do intestino grosso
06/05/1931,Convulsão
06/06/1931,Leucoplasia dos órgãos genitais femininos
09/06/1931,Massa da estrutura genital feminina
06/07/1931,Dor na bolsa escrotal
09/07/1931,Dor no testículo
12/07/1931,Dor testicular persistente
15/07/1931,Edema dos órgãos genitais masculinos
18/07/1931,Leucoplasia dos órgãos genitais masculinos
21/07/1931,Prurido dos órgãos genitais masculinos
24/07/1931,Queimação no escroto
27/07/1931,Sensibilidade da genitália masculina
06/08/1931,Massa da estrutura respiratória
06/09/1931,Perda auditiva central bilateral
06/10/1931,Distúrbio visual subjetivo
06/12/1931,Sangramento no ouvido
06/01/1932,Achado de vômito
09/01/1932,Hiperêmese gravídica
06/02/1932,Distúrbio da sensação cutânea
09/02/1932,Hiperestesia
06/04/1932,Hipertensão paroxística
06/05/1932,Crescimento excessivo de pelos faciais
09/05/1932,Crescimento excessivo de pelos nas pernas
12/05/1932,Crescimento excessivo de pelos no corpo
06/06/1932,Alteração arlequim
06/07/1932,Edema do recém-nascido
06/08/1932,Insônia
06/09/1932,Condição eritematosa
06/10/1932,Massa da estrutura digestiva
09/10/1932,Sintoma gastrointestinal
06/11/1932,Icterícia fisiológica do recém-nascido
06/12/1932,Icterícia (não de recém-nascido)
06/01/1933,Movimento anormal da mandíbula
06/02/1933,Oftalmoplegia
06/03/1933,Leucoplasia dos órgãos genitais masculinos
06/04/1933,Vertigem sincopal
06/05/1933,Dacriopes
06/06/1933,Perda de voz
06/07/1933,Espasmo
09/07/1933,Estridor
06/08/1933,(Leucorréia não especificada) ou (corrimento vaginal)
09/08/1933,Leucorréia não especificada
06/09/1933,Cheilodinia
09/09/1933,Lábios rachados
06/10/1933,Fígado grande
09/10/1933,Icterícia hepatocelular
06/11/1933,Nódulo linfático sensível
09/11/1933,Sensibilidade da estrutura linforeticular
06/12/1933,Massa de estrutura linforeticular
06/01/1934,Deposição de pigmento da malária
09/01/1934,Febre intermitente
06/02/1934,Melasma gravídico
06/03/1934,Melasma gravídico
06/04/1934,Hidropisia endolinfática secundária
06/05/1934,Erupção cutânea meningocócica
06/06/1934,Estado poliúrico
09/06/1934,Hipoproteinemia
06/07/1934,Náusea
06/08/1934,Coloração dos dentes devido a medicamentos
06/09/1934,Edema do vestíbulo oral
09/09/1934,Hipoestesia oral
12/09/1934,Parestesia oral
06/10/1934,Distúrbio mioclônico
09/10/1934,Grimaces
12/10/1934,Pernas doloridas e dedos dos pés em movimento
06/11/1934,Espasmo gástrico
09/11/1934,Flacidez do músculo do membro superior
06/12/1934,Dor muscular
09/12/1934,Dor por tensão muscular
12/12/1934,Músculo esquelético sensível
06/01/1935,Edema duro
06/02/1935,Baqueteamento da unha
09/02/1935,Hiperqueratose subungueal
12/02/1935,Onicomadese
06/03/1935,Hipersônia
06/04/1935,Dor
06/05/1935,Mioclonia palatal
06/06/1935,Reação à punção lombar ou espinhal
06/07/1935,Corrimento nasal
06/09/1935,Nistagmo aumentado quando a fixação é removida
09/09/1935,Nistagmo elíptico
12/09/1935,Nistagmo inalterado quando a fixação é removida
15/09/1935,Nistagmo inibido quando a fixação é removida
18/09/1935,Nistagmo irregular
21/09/1935,Nistagmo parético do olhar
24/09/1935,Nistagmo produzido pela rotação do pescoço
27/09/1935,Nistagmo uniocular
30/09/1935,Nistagmo voluntário
03/10/1935,Sinais de nistagmo
06/10/1935,Oftalmoplegia
09/10/1935,Pseudooftalmoplegia
06/11/1935,Distúrbio do umbigo
06/12/1935,Baqueteamento (anormalidade morfológica)
06/01/1936,Hepatoesplenomegalia
06/02/1936,Congestão do seio nasal
09/02/1936,Congestão nasal
12/02/1936,Corrimento nasal
15/02/1936,Corrimento nasal catarral
18/02/1936,Corrimento nasal purulento
21/02/1936,Dor no seio frontal
24/02/1936,Dor no seio maxilar
27/02/1936,Narina dolorida
01/03/1936,Rinorréia posterior
06/03/1936,Hipoproteinemia
06/04/1936,Ataque de gota
09/04/1936,Flacidez
12/04/1936,Flacidez do músculo do membro inferior
06/05/1936,Sensibilidade dos dentes ao calor
09/05/1936,Sensibilidade dos dentes ao frio
06/06/1936,Dor pancreática
09/06/1936,Sinal de Courvoisier
06/07/1936,Distensão da bexiga
09/07/1936,Espasmo da bexiga
12/07/1936,Espasmo doloroso da bexiga
06/08/1936,Incoordenação neuromuscular ureteral
06/09/1936,Dor no ato sexual masculino
09/09/1936,Dor no períneo masculino
12/09/1936,Ejaculação dolorosa
15/09/1936,Espermatofraxia
18/09/1936,Espermatosquise
21/09/1936,Massa da estrutura genital masculina
24/09/1936,Massa testicular inflamatória
27/09/1936,Neuralgia testicular
30/09/1936,Vaso deferente sensível
06/10/1936,Irritação do pênis
06/11/1936,Deposição de pigmento da malária
09/11/1936,Enxaqueca
12/11/1936,Erupção macular
15/11/1936,Escara bolhosa
18/11/1936,Inchaço da pele
21/11/1936,Lábios rachados
24/11/1936,Pele macerada
27/11/1936,Sinal de Auspitz
30/11/1936,Urticária menstrual
06/12/1936,Afrouxamento do dente
06/01/1937,Canal auditivo eritematoso
09/01/1937,Condição eritematosa
12/01/1937,Eritema escarlatiniforme
15/01/1937,Eritema fugaz
18/01/1937,Mancha micropapular
21/01/1937,Mucosa eritematosa
06/02/1937,Pseudocárdio estrelado
09/02/1937,Rítides circunferenciais
06/03/1937,Hipotonia congênita benigna
06/04/1937,Inchaço da vagina
06/05/1937,Edema gengival
09/05/1937,Gengivas doloridas
06/06/1937,Deposição de pigmento esquistossomótico
06/07/1937,Urticária de complexo imune
06/08/1937,Subsulto tendinoso
06/09/1937,Sintoma pancreático
06/10/1937,Condição eritematosa
06/11/1937,Inchaço da estrutura do olho
06/12/1937,Condição eritematosa
06/01/1938,Distúrbio mioclônico
06/02/1938,Congestão do seio nasal
06/03/1938,Paraparesia espinhal
09/03/1938,Paraplegia flácida
06/04/1938,Automatismo do sono
09/04/1938,Batida de cabeça relacionada ao sono
12/04/1938,Reação ao despertar súbito
06/05/1938,Tremor parkinsoniano
06/06/1938,Dor no pênis
09/06/1938,Edema do pênis
12/06/1938,Lesão do pênis
15/06/1938,Prurido do pênis
06/07/1938,Massa da cavidade oral
06/08/1938,Cruralgia
09/08/1938,Dor neuropática
12/08/1938,Neuralgia intercostal
06/09/1938,Coleção intra-abdominal
06/10/1938,Petéquias faciais neonatais
06/11/1938,Dor na garganta
06/12/1938,Erupção juvenil na primavera
06/01/1939,Reação actínica
06/02/1939,Dor
06/03/1939,Massa da estrutura digestiva
06/04/1939,Dor
09/04/1939,Dor neuropática
06/05/1939,Dor
09/05/1939,Dor neuropática
06/06/1939,Dor nas costas complicando a gravidez
09/06/1939,Prurido da gravidez
06/07/1939,Batimentos prematuros juncionais
06/08/1939,Edema na parte inferior da perna
06/09/1939,(Priapismo) ou (ereção - dolorosa)
09/09/1939,Ereção peniana dolorosa
06/10/1939,Insônia
06/11/1939,Dor prostática
09/11/1939,Prostatismo
12/11/1939,Prostatorréia
06/12/1939,Coceira na pele
06/01/1940,Coceira na pele
06/02/1940,Dor de cabeça
09/02/1940,Dor de cabeça occipital
06/03/1940,Púrpura crioglobulinêmica
06/04/1940,Tetraplegia flácida
06/05/1940,Dor neuropática
06/06/1940,Dor
06/07/1940,Aniseikonia
09/07/1940,Diplopia refrativa
06/08/1940,Anormalidades respiratórias
09/08/1940,Respiração contida
06/09/1940,Achado na retina
09/09/1940,retinopatia
06/10/1940,Corrimento nasal purulento
09/10/1940,Rinite devido a agente bloqueador alfa-adrenérgico
06/11/1940,Sialectasia
06/12/1940,Deposição de pigmento esquistossomótico
06/01/1941,Descoloração escleral
06/02/1941,Espessamento da pele
06/03/1941,Angioscotoma
09/03/1941,Escotoma cintilante
12/03/1941,Escotoma em anel
15/03/1941,Escotoma quadrático
06/04/1941,Edema agudo
06/05/1941,Nódulo de Osler
06/06/1941,Deposição de pigmento da malária
06/07/1941,Baqueteamento da unha
09/07/1941,Cancro tuberculoso
12/07/1941,Manchas na pele
06/08/1941,Hipersonia com apneia do sono
06/09/1941,Automatismo do sono
06/10/1941,Convulsão
06/11/1941,Dor
06/12/1941,Edema da medula espinhal
06/01/1942,Outros sintomas nas costas
06/02/1942,Convulsão
06/03/1942,Condição eritematosa
06/04/1942,Espasmo gástrico
09/04/1942,Vômito projétil
06/05/1942,(Esoforia) ou (estrabismo) ou (oftalmoplegia)
06/06/1942,Oftalmoplegia
06/07/1942,Dor
06/08/1942,Massa testicular inflamatória
06/09/1942,Espasmo carpopedal
06/10/1942,Neuralgia intercostal
06/11/1942,Dor na tireoide
09/11/1942,Sensibilidade na tireoide
06/12/1942,Dor
06/01/1943,Dormência da língua
09/01/1943,Glossodinia
12/01/1943,Glossopirose
15/01/1943,Hipoestesia da língua
18/01/1943,Parestesia da língua
06/02/1943,Afrouxamento do dente
06/03/1943,Dor
06/04/1943,Disfunção motora
06/05/1943,Cancro tripanossômico
06/06/1943,Cancro tuberculoso
06/07/1943,"Extensas erosões congênitas, vesículas e cicatrizes reticuladas"
06/08/1943,Corrimento nasal purulento
06/09/1943,Enurese diurna
09/09/1943,Enurese primária
12/09/1943,Incontinência dupla
15/09/1943,Incontinência urinária de urgência
18/09/1943,Incontinência urinária total
06/10/1943,Incontinência mista
06/11/1943,Menouria
06/12/1943,Estado poliúrico
09/12/1943,Sintomas geniturinários
06/01/1944,Hematocolpometra
09/01/1944,Prurido da vagina
06/02/1944,Irritação vulvar
06/03/1944,Dor de cabeça
06/04/1944,Varizes genitais no puerpério
09/04/1944,Varizes vaginais no puerpério
12/04/1944,Varizes vulvares na gravidez
06/05/1944,Alteração arlequim
06/06/1944,Cefaleia do tipo thunderclap
09/06/1944,Dor de cabeça
06/07/1944,Síncope
06/08/1944,Outros distúrbios da fala
06/09/1944,Dor
06/10/1944,Sonolência diurna excessiva pós-viral
06/11/1944,Distúrbio visual subjetivo
06/12/1944,Aberração cromática da visão
09/12/1944,Aberração esférica da visão
12/12/1944,Alteração visual
06/01/1945,Prurido da vulva
09/01/1945,Secura da vulva
06/02/1945,Verrugas no pênis
06/03/1945,Caquexia
06/04/1945,Pele seca
06/05/1945,Xerostomia induzida por medicamentos
06/06/1945,Bradicardia fetal
06/07/1945,Exaustão pós-poliomielite
06/08/1945,Dilatação vascular paroxística
09/08/1945,Dor em repouso devido a doença vascular periférica
06/09/1945,Vascularização da córnea
06/10/1945,Dor
06/11/1945,Condição eritematosa
06/12/1945,Convulsão
09/12/1945,Convulsão parcial
06/01/1946,Convulsão
06/02/1946,Convulsão
09/02/1946,Convulsão parcial
06/03/1946,Hipertensão paroxística
06/04/1946,Monoparesia
09/04/1946,Monoplegia transitória
06/05/1946,Disfunção motora
06/06/1946,Tez pálida
06/07/1946,Condição eritematosa
06/08/1946,Dor
06/09/1946,Emaciado
06/10/1946,Angina
09/10/1946,Dor
06/11/1946,Ataxia
06/12/1946,Corrimento nasal purulento
06/01/1947,Distúrbio do umbigo
06/02/1947,Dismenorréia espasmódica
09/02/1947,Dor
06/03/1947,Dor de cabeça
06/04/1947,Ciática
06/05/1947,Oftalmoplegia
06/06/1947,Alteração no conforto: dor crônica
09/06/1947,Dor abdominal crônica
12/06/1947,Dor crônica intratável
15/06/1947,Dor pélvica crônica em mulheres
18/06/1947,Dor vaginal crônica
21/06/1947,Dores crônicas generalizadas no corpo
24/06/1947,Outras dores crônicas
06/07/1947,Vasculite urticariforme
06/08/1947,Pseudocárdio estrelado
06/09/1947,Mioclonia oculopalatal
09/09/1947,Mioclonia palatal
06/10/1947,Fezes soltas
06/12/1947,Angina
06/01/1948,Dor abdominal
09/01/1948,Dor em cólica
12/01/1948,Dor na estrutura digestiva
06/02/1948,Distúrbios sintomáticos na gravidez
06/04/1948,Dor na clavícula
09/04/1948,Dor óssea
12/04/1948,Dor óssea maligna
06/05/1948,Movimento diafragmático paradoxal
09/05/1948,Paresia diafragmática
12/05/1948,Tique diafragmático
06/06/1948,Dor
09/06/1948,Neuralgia cutânea femoral lateral
06/07/1948,Oftalmoplegia
06/08/1948,Oftalmoplegia
06/09/1948,Espasmo
06/10/1948,Vômitos incontroláveis
06/11/1948,Espasmo intestinal
06/12/1948,Angina
09/12/1948,Dor
06/01/1949,Oftalmoplegia interna
06/02/1949,(Esoforia) ou (estrabismo) ou (oftalmoplegia)
09/02/1949,Esforço incomitante
06/03/1949,Retração e/ou atraso da pálpebra
06/04/1949,Olho lacrimejante
09/04/1949,Olhos lacrimejantes
06/05/1949,Prurido colinérgico
09/05/1949,Urticária colinérgica persistente
06/06/1949,Condição eritematosa
09/06/1949,Eritema anular familiar
06/07/1949,Massa da estrutura genital feminina
06/08/1949,Calcose da córnea
06/09/1949,Fezes soltas
06/10/1949,Dor
06/11/1949,Canela de sabre
06/12/1949,Manchas de Bitot
06/01/1950,Distonia paroxística
09/01/1950,Movimento atetóide
06/02/1950,Edema da medula espinhal
06/04/1950,Monoparesia - braço
06/05/1950,Coréia pós-hemiplégica
09/05/1950,Paralisia dos tambores
12/05/1950,Paralisia flácida
15/05/1950,Paresia de Todd
06/06/1950,Dor de cabeça
06/07/1950,Irritação meníngea
06/08/1950,Dor
06/09/1950,Neuralgia do nervo ilioinguinal
09/09/1950,Neuralgia intercostal
06/10/1950,Cruralgia
06/11/1950,retinopatia diabética proliferativa do olho direito
09/11/1950,retinopatia diabética proliferativa do olho esquerdo
06/12/1950,Fio de prata nas artérias da retina
06/01/1951,Amaurose fugaz
06/02/1951,Alteração visual
09/02/1951,Alucinações formadas de pessoas
12/02/1951,Alucinações visuais
15/02/1951,Alucinações visuais formadas
18/02/1951,Alucinações visuais não formadas
06/03/1951,Inflamação difusa
06/04/1951,Vascularização da córnea
06/05/1951,Linha de Stahli
06/06/1951,Inchaço da estrutura do olho
06/07/1951,Corrimento conjuntival com muco
09/07/1951,Corrimento conjuntival mucopurulento
06/08/1951,Inchaço da pálpebra
09/08/1951,Sinal de Rosenbach
06/09/1951,Descoloração escleral
09/09/1951,Dor esclerotômica
06/10/1951,Ectasia escleral total
06/11/1951,Sensibilidade generalizada no pavilhão auricular
06/12/1951,Nistagmo de vertigem posicional paroxística benigna
06/01/1952,Vertigem do tronco cerebral
09/01/1952,Vertigem subjetiva
06/02/1952,Inchaço da estrutura do ouvido
09/02/1952,Massa da estrutura do ouvido
12/02/1952,Sensação de ouvido entupido
15/02/1952,Sensação de pressão no ouvido
06/03/1952,Varizes genitais no puerpério
09/03/1952,Varizes vulvares na gravidez
06/04/1952,Veias proeminentes nas pernas - sintoma
06/05/1952,Dor na garganta
06/06/1952,Broncorréia
09/06/1952,Tosse de fumante
06/07/1952,Edema agudo
06/08/1952,Edema agudo
06/09/1952,Gengivas doloridas
06/10/1952,Massa da cavidade oral
06/11/1952,Hipoestesia da língua
06/12/1952,Sintoma gastrointestinal
06/01/1953,Cólica apendicular
06/02/1953,Diarréia devido à ingestão de substâncias inabsorvíveis
06/03/1953,Prostatorréia
06/04/1953,Peau d'orange na superfície da mama
09/04/1953,Sensibilidade generalizada na mama
12/04/1953,Sensibilidade localizada na mama
15/04/1953,Subinvolução da mama
18/04/1953,Subinvolução da mama no pós-parto
06/05/1953,Dor
06/06/1953,Dor
06/07/1953,Dor
06/08/1953,Dor
06/09/1953,Dor
06/10/1953,Odor vaginal anormal
06/11/1953,Problema na menopausa
06/12/1953,Convulsão
06/01/1954,Achado de vômito
06/02/1954,Amamentação dolorosa
06/03/1954,Tecido de granulação anormal
06/04/1954,Odor desagradável dos órgãos genitais
09/04/1954,Odor desagradável na axila
06/05/1954,Travamento do joelho
06/06/1954,Frouxidão da articulação dos dedos
06/07/1954,Sensibilidade infrapatelar
06/08/1954,Frouxidão da articulação metatarsofalângica
06/09/1954,Frouxidão da articulação do ombro
09/09/1954,Sinal de Popeye
06/10/1954,Frouxidão da articulação do cotovelo
06/11/1954,Frouxidão da articulação do punho
06/12/1954,Frouxidão da articulação do polegar
06/01/1955,Cervicobraquialgia
06/02/1955,Dor lombar sacral
09/02/1955,Dor na articulação sacroilíaca
12/02/1955,Frouxidão da articulação sacroilíaca
15/02/1955,Rigidez na articulação sacroilíaca
18/02/1955,Sacrocoxalgia
06/03/1955,Dor no cóccix
06/04/1955,Dor lombar - renal
09/04/1955,Rigidez da coluna cervical
06/05/1955,Metatarsalgia
06/06/1955,Derrame na bainha do tendão
09/06/1955,Espessamento da bainha do tendão
12/06/1955,Nódulo no tendão
06/07/1955,Massa da estrutura musculoesquelética
06/08/1955,Fraqueza do quadríceps
09/08/1955,Fraqueza dos músculos da face
12/08/1955,Fraqueza facial superior
15/08/1955,Fraqueza muscular da panturrilha
18/08/1955,Hipomobilidade musculoesquelética
21/08/1955,Imobilidade musculoesquelética
24/08/1955,Músculos flácidos
27/08/1955,Paraparesia cerebral
30/08/1955,Paraparesia espástica
02/09/1955,Tônus muscular atônico
06/09/1955,Massa da região do corpo
09/09/1955,Massa do tronco
12/09/1955,Polialgia
06/10/1955,Taquipnéia
06/11/1955,Icterícia hepatocelular
06/12/1955,Convulsão
06/01/1956,Choro excessivo do recém-nascido
09/01/1956,Distúrbio do umbigo
12/01/1956,Suflê fetal
06/02/1956,Pigmentação de melanina na córnea
09/02/1956,Pigmentação sanguínea da córnea
12/02/1956,Pigmentações e depósitos na córnea
06/03/1956,Oftalmoplegia
06/04/1956,Dor nas articulações
06/05/1956,Fome
09/05/1956,Inanição
06/06/1956,Erupção cutânea meningocócica
06/07/1956,Convulsão
06/08/1956,Perda do olfato
06/09/1956,O rosto fica vermelho
09/09/1956,Pseudocárdio estrelado
06/10/1956,Acromia da pele
06/11/1956,Ardência na pele
09/11/1956,Branqueamento da pele
12/11/1956,Couro cabeludo escamoso
15/11/1956,Irritação perineal
18/11/1956,Pele dolorida
21/11/1956,Tez anormal
06/12/1956,Prurido dos órgãos genitais
06/01/1957,Dor
06/02/1957,Insônia
06/03/1957,Dor no peito
09/03/1957,Outras dores no peito
06/04/1957,Hidropisia endolinfática secundária
06/05/1957,Convulsão
06/06/1957,Fígado grande
06/07/1957,Edema duro
06/08/1957,Dor de cabeça
09/08/1957,Oftalmoplegia
06/09/1957,Ataxia cerebelar
06/10/1957,Constipação
06/11/1957,Sensibilidade retardada ao frio
09/11/1957,Urticária reflexa ao frio
06/12/1957,(Lábio dolorido) ou (estomatite angular e/ou queilite)
06/01/1958,Condição eritematosa
06/02/1958,Coiloníquia
09/02/1958,Linhas de Beau
12/02/1958,Rachaduras nas unhas lamelares
06/03/1958,Outros sinais e sintomas na mama
06/04/1958,Inflamação gomatosa (anormalidade morfológica)
06/05/1958,Aumento da amplitude de movimento das articulações
06/07/1958,Dor no membro inferior
09/07/1958,Tenalgia
06/08/1958,Respiração anormal
06/09/1958,Apneia induzida por drogas
06/10/1958,"Sopro cardíaco, não diagnosticado"
06/12/1958,Fezes soltas
06/01/1959,Fezes soltas
06/03/1959,Sinal clínico relacionado à gravidez
06/04/1959,Exaustão
06/05/1959,Hipersônia do humor
06/12/1959,Reflexo anormal
06/01/1960,Parestesia
06/02/1960,Dor de cabeça
06/03/1960,Dor
09/03/1960,Dor neuropática
06/04/1960,Dor
06/05/1960,Movimento atetóide
09/05/1960,Movimento involuntário
06/06/1960,Síncope
06/08/1960,Outras disfunções simbólicas
06/09/1960,Outros sintomas gerais
06/10/1960,Outros distúrbios da fala
06/11/1960,Outras disfunções simbólicas
06/12/1960,Convulsão
09/12/1960,Convulsão de grande mal
06/01/1961,Convulsão
06/04/1961,Convulsão
06/05/1961,Convulsão
06/06/1961,Convulsão
06/07/1961,Convulsão
06/08/1961,Convulsão
06/09/1961,Vertigem subjetiva
06/10/1961,Tonturas e vertigens
09/10/1961,Vertigem subjetiva
06/11/1961,Vertigem subjetiva
06/12/1961,Condição eritematosa
09/12/1961,Eritema anular familiar
06/01/1962,Convulsão
09/01/1962,Convulsão parcial
06/02/1962,Convulsão
06/03/1962,Oftalmoplegia interna
06/04/1962,Veias umbilicais distendidas
06/05/1962,Escarro com manchas de sangue
06/06/1962,Fezes soltas
06/07/1962,Condição eritematosa
06/08/1962,Massa da estrutura digestiva
06/09/1962,Anestesia no local de aplicação
06/10/1962,Convulsão
06/11/1962,Edema duro
06/12/1962,Massa da estrutura respiratória
06/01/1963,Espasmo
06/02/1963,Dor
09/02/1963,Dor de cabeça
06/03/1963,Massa da estrutura digestiva
06/04/1963,Alterações na textura da pele
06/05/1963,Dor
06/06/1963,Inchaço da estrutura do olho
06/07/1963,Alteração visual
06/08/1963,"Extensas erosões congênitas, vesículas e cicatrizes reticuladas"
06/09/1963,Edema periférico da retina
09/09/1963,Edema retiniano localizado
06/10/1963,Zumbido de Leudet
06/11/1963,Cancro tripanossômico
06/12/1963,Inflamação difusa
06/03/1964,Distúrbio do umbigo
06/04/1964,Distúrbio do umbigo
06/05/1964,Distúrbio do umbigo
06/06/1964,Erupção cutânea pustular (anormalidade morfológica)
06/07/1964,Erupção cutânea pustular (anormalidade morfológica)
06/08/1964,Erupção cutânea pustular (anormalidade morfológica)
06/09/1964,Condição eritematosa
06/10/1964,Condição eritematosa
06/11/1964,Condição eritematosa
06/12/1964,Condição eritematosa
06/01/1965,Condição eritematosa
06/02/1965,Urticária de complexo imune
06/03/1965,Mácula (anormalidade morfológica)
06/04/1965,Coceira na pele
09/04/1965,Outras condições pruriginosas especificadas
06/05/1965,Coceira na pele
06/06/1965,Coceira na pele
06/07/1965,Condição eritematosa
06/08/1965,Condição eritematosa
09/08/1965,Eritema anular familiar
06/09/1965,Condição eritematosa
06/10/1965,Condição eritematosa
06/11/1965,Condição eritematosa
06/12/1965,Condição eritematosa
06/01/1966,Condição eritematosa
06/02/1966,Condição eritematosa
06/03/1966,Condição eritematosa
06/04/1966,Pigmentação por drogas
06/05/1966,Pigmentação por drogas
06/06/1966,Tecido de granulação anormal
06/07/1966,Dor
06/08/1966,Dor
06/09/1966,"Inchaço superficial local, massa ou nódulo"
06/10/1966,"Inchaço superficial local, massa ou nódulo"
06/11/1966,"Inchaço superficial local, massa ou nódulo"
06/12/1966,Polialgia
06/01/1967,Inchaço doloroso da articulação
06/02/1967,(Outros sintomas articulares da região pélvica e da coxa) ou (estalo do quadril) ou (quadril irritável)
06/03/1967,Ciática
09/03/1967,Dor
06/04/1967,Pescoço torto/torcicolo
06/05/1967,Neuralgia do nervo genitofemoral
09/05/1967,Neuralgia do nervo ilioinguinal
06/07/1967,Ciática
09/07/1967,Dor
06/08/1967,Massa da estrutura musculoesquelética
06/09/1967,Claudicação do braço
06/10/1967,Dor
06/11/1967,Dor
06/12/1967,Dor
06/01/1968,Achado de dor no local anatômico
06/02/1968,Edema da úvula
06/03/1968,Massa da estrutura digestiva
09/03/1968,Massa da estrutura respiratória
06/04/1968,Hemiplegia
06/05/1968,Afonia paralítica
06/06/1968,Inflamação difusa
06/07/1968,Massa da estrutura musculoesquelética
06/08/1968,Disfonia espástica
06/09/1968,Disfonia de tremor orgânico
06/10/1968,Disfonia espástica
06/11/1968,Disfonia de tremor orgânico
09/11/1968,Disfonia flácida
12/11/1968,Disfonia pseudobulbar espástica
06/12/1968,Disfonia flácida
09/12/1968,Disfonia pseudobulbar espástica
06/02/1969,Distúrbio mioclônico
06/03/1969,Outras disfunções simbólicas
09/03/1969,Perda de voz
06/04/1969,Outros distúrbios da fala
06/10/1969,Massa da estrutura respiratória
06/11/1969,Massa da estrutura respiratória
06/02/1970,Angina
09/02/1970,Dor
12/02/1970,Outras formas de angina pectoris
06/03/1970,Angina
09/03/1970,Dor
12/03/1970,Outras formas de angina pectoris
06/04/1970,Angina
09/04/1970,Dor
12/04/1970,Outras formas de angina pectoris
06/05/1970,Angina
09/05/1970,Dor
12/05/1970,Outras formas de angina pectoris
06/06/1970,Angina
09/06/1970,Dor
06/07/1970,Angina
09/07/1970,Dor
12/07/1970,Outras formas de angina pectoris
06/08/1970,Angina
09/08/1970,Dor
12/08/1970,Outras formas de angina pectoris
06/09/1970,Dor
06/10/1970,Ritmo de tique-taque
06/11/1970,Cianose central
09/11/1970,Cianose da pele
06/12/1970,Massa do tronco
06/01/1971,Coiloníquia
06/02/1971,Massa da estrutura digestiva
06/03/1971,Massa da cavidade oral
06/04/1971,Massa da estrutura digestiva
06/06/1971,Dor em cólica
06/07/1971,Massa da cavidade oral
06/08/1971,Edema dos tecidos moles orais
09/08/1971,Mioclonia palatal
12/08/1971,Sialectasia sublingual
06/09/1971,Massa da estrutura digestiva
06/10/1971,Massa da cavidade oral
06/11/1971,Sintoma de indigestão
06/12/1971,Achado de vômito
09/12/1971,Vômitos incontroláveis
06/01/1972,Achado de vômito
09/01/1972,Náusea e vômito
12/01/1972,Vômito induzido por drogas
06/02/1972,Massa da estrutura digestiva
06/03/1972,Dor
06/04/1972,Fezes soltas
06/05/1972,Fezes soltas
06/06/1972,Fezes soltas
06/07/1972,Massa da estrutura digestiva
06/08/1972,Constipação
09/08/1972,Constipação crônica
06/09/1972,Constipação
06/10/1972,Constipação
06/11/1972,Dor anal
06/12/1972,Espasmo intestinal
06/01/1973,Espasmo intestinal
06/02/1973,Achado de vômito
09/02/1973,Vômito pós-operatório
06/03/1973,"Flatulência, eructação e dor de gases"
06/04/1973,Diarréia devido à ingestão de substâncias inabsorvíveis
09/04/1973,Fezes soltas
06/05/1973,Fezes soltas
06/06/1973,Fezes soltas
06/08/1973,Cólica apendicular
06/09/1973,Inflamação difusa
06/10/1973,Fezes soltas
06/11/1973,Fezes soltas
06/12/1973,Fezes soltas
06/01/1974,Fezes soltas
06/02/1974,Fezes soltas
06/03/1974,Fezes soltas
06/04/1974,Fezes soltas
06/06/1974,Massa da região do corpo
06/07/1974,Massa da estrutura digestiva
06/08/1974,Dor abdominal recorrente
06/09/1974,Fome
06/10/1974,Problema de coordenação
06/11/1974,Fome
06/12/1974,Hipercapnia
06/01/1975,Distúrbio mioclônico
06/02/1975,Icterícia hepatocelular
06/03/1975,Icterícia (não de recém-nascido)
06/04/1975,Icterícia (não de recém-nascido)
06/05/1975,Prurido da gravidez
06/06/1975,Descoloração escleral
06/07/1975,Estado poliúrico
06/08/1975,Massa da estrutura do sistema urinário
06/09/1975,Prurido escrotal
09/09/1975,Queimação no escroto
06/10/1975,Parada espermatogênica completa
06/11/1975,Parada espermatogênica incompleta
06/12/1975,Dor
06/01/1976,Dor
06/02/1976,Dor
06/03/1976,Dor
06/04/1976,Dor
06/05/1976,Dor
06/06/1976,Dor
06/07/1976,Dor
06/08/1976,Dor
06/09/1976,Dor
06/10/1976,Dor
06/11/1976,Dor
06/12/1976,Dor
06/01/1977,Dor
06/02/1977,Dor
06/03/1977,Dor
06/04/1977,Dor
06/05/1977,Distúrbio do umbigo
09/05/1977,Dor
06/06/1977,Secura vulvovaginal
06/07/1977,Massa de anexos uterinos
06/08/1977,Massa de anexos uterinos
06/09/1977,Massa da estrutura genital feminina
06/10/1977,Massa da estrutura genital feminina
09/10/1977,Nódulo perineal
06/11/1977,Outros sinais e sintomas na mama
06/12/1977,Oligúria
06/01/1978,Convulsão
06/02/1978,Achado de vômito
09/02/1978,Hiperêmese gravídica
06/03/1978,Achado de vômito
09/03/1978,Hiperêmese gravídica
06/04/1978,Achado de vômito
09/04/1978,Hiperêmese gravídica
06/05/1978,Incoordenação uterina de primeiro grau
06/06/1978,Ingurgitamento vascular da mama
06/07/1978,Cianose da pele
09/07/1978,Cianose neonatal
06/08/1978,Desconforto respiratório
06/09/1978,Icterícia fisiológica do recém-nascido
06/10/1978,Icterícia fisiológica do recém-nascido
06/11/1978,Icterícia fisiológica do recém-nascido
06/12/1978,Enurese
06/02/1979,Outros sintomas gerais
06/03/1979,Outras disfunções simbólicas
06/04/1979,Tremor estático
06/05/1979,Distúrbio mioclônico
06/06/1979,Movimento atetóide
06/07/1979,Ataxia cerebelar
06/08/1979,Ataxia cerebelar
06/09/1979,Movimento atetóide
06/10/1979,Movimento atetóide
06/11/1979,Movimento atetóide
06/12/1979,Paraparesia
06/01/1980,Hemiplegia
06/02/1980,Paresia facial unilateral
06/03/1980,Hemiplegia
06/04/1980,Espasticidade
06/05/1980,Disfonia espástica
06/06/1980,Convulsão
09/06/1980,Convulsão parcial
06/07/1980,Convulsão
09/07/1980,Convulsão parcial
06/08/1980,Convulsão
06/09/1980,Convulsão
09/09/1980,Convulsão parcial
06/10/1980,Convulsão
06/11/1980,Convulsão
06/12/1980,Convulsão
09/12/1980,Convulsão parcial
06/01/1981,Convulsão
06/02/1981,Convulsão
06/03/1981,Convulsão
06/04/1981,Convulsão
06/05/1981,Convulsão de grande mal
06/06/1981,Convulsão
06/07/1981,Convulsão
09/07/1981,Convulsão parcial
06/08/1981,Convulsão
09/08/1981,Convulsão parcial
06/09/1981,Convulsão
06/10/1981,Convulsão
06/11/1981,Convulsão
06/12/1981,Convulsão
06/01/1982,Distúrbio mioclônico
06/02/1982,Convulsão
06/03/1982,Enxaqueca abdominal - sintoma
06/04/1982,Dor de cabeça
06/05/1982,Dor de cabeça
09/05/1982,Vertigem subjetiva
06/06/1982,Dor de cabeça
06/07/1982,Dor de cabeça
06/08/1982,Mioquimia
06/09/1982,Hemiplegia
06/10/1982,Espasmo
06/12/1982,Distúrbio mioclônico
06/01/1983,Olho vermelho
06/02/1983,Inchaço da estrutura do olho
06/03/1983,Distúrbio visual subjetivo
06/04/1983,Diplopia monocular
06/05/1983,"Baixa visão, em ambos os olhos"
06/06/1983,Olho cego doloroso
06/07/1983,Ausência de sensibilidade
06/08/1983,Estreitamento da fissura palpebral
06/09/1983,Mioclonia oculopalatal
06/10/1983,Cavitação vítrea
06/11/1983,Inflamação difusa
06/12/1983,Tontura multissensorial
09/12/1983,Vertigem induzida por drogas
12/12/1983,Vertigem precedida de traumatismo craniano
15/12/1983,Vertigem subjetiva
06/01/1984,Inflamação difusa
06/02/1984,Diplacusia
06/03/1984,Diplacusia
06/04/1984,Recrutamento de loudness
06/06/1984,Virilização
06/07/1984,Edema duro
06/08/1984,Fome
06/09/1984,Cianose central
09/09/1984,Cianose da pele
06/10/1984,Cianose da pele
06/11/1984,Condição eritematosa
06/12/1984,Condição eritematosa
06/01/1985,Condição eritematosa
06/02/1985,Massa da estrutura digestiva
09/02/1985,Massa da estrutura respiratória
06/03/1985,Massa de estrutura linforeticular
06/04/1985,Urticária de complexo imune
06/05/1985,Erupção da membrana mucosa
06/06/1985,Mácula (anormalidade morfológica)
06/07/1985,Condição eritematosa
06/08/1985,Inflamação gomatosa (anormalidade morfológica)
06/09/1985,Fezes soltas
06/10/1985,Inflamação gomatosa (anormalidade morfológica)
06/11/1985,Inflamação gomatosa (anormalidade morfológica)
06/12/1985,Inflamação gomatosa (anormalidade morfológica)
06/01/1986,Massa da estrutura musculoesquelética
06/02/1986,Fezes soltas
06/03/1986,Fezes soltas
06/04/1986,Fezes soltas
06/05/1986,Dificuldade para respirar
06/06/1986,Fadiga associada à AIDS
06/07/1986,Hepatomegalia associada à AIDS
06/08/1986,Mal-estar associado à AIDS
06/09/1986,Condição eritematosa
06/10/1986,Cancro esporotricótico
06/11/1986,Dor
06/12/1986,Fezes soltas
06/01/1987,Fezes soltas
06/02/1987,Fezes soltas
06/03/1987,Outros distúrbios da fala
06/04/1987,Hemiplegia
06/06/1987,Hemiplegia
06/07/1987,Hemiplegia
06/10/1987,Reflexo extensor cruzado
06/12/1987,Ataxia
09/12/1987,Problema de coordenação
06/02/1988,Convulsão
06/03/1988,Convulsão
06/04/1988,Convulsão
09/04/1988,Convulsão parcial
06/05/1988,Convulsão
06/06/1988,Convulsão
09/06/1988,Convulsão parcial
06/07/1988,Convulsão
06/08/1988,Convulsão
06/09/1988,Convulsão
06/10/1988,Convulsão
06/11/1988,Convulsão
06/12/1988,Convulsão
09/12/1988,Convulsão parcial
06/01/1989,Convulsão
06/02/1989,Convulsão
09/02/1989,Convulsão parcial
06/03/1989,Convulsão
09/03/1989,Convulsão parcial
06/04/1989,Desconforto visual
06/05/1989,Desconforto visual
06/06/1989,Inchaço da estrutura musculoesquelética
09/06/1989,Inchaço do membro
06/07/1989,Reação persistente à luz
06/08/1989,Tez pálida
06/09/1989,Urticária de complexo imune
09/09/1989,Vasculite urticariforme
06/10/1989,Alucinações induzidas por álcool
06/11/1989,Angina abdominal
06/12/1989,Fezes soltas
06/01/1990,Fezes soltas
06/02/1990,Dor
06/03/1990,Convulsão
09/03/1990,Convulsão tônica
06/04/1990,Convulsão
06/05/1990,Reação persistente à luz
06/06/1990,Ataxia cerebelar
06/07/1990,Outros distúrbios da fala
06/08/1990,Pescoço torto/torcicolo
06/09/1990,Convulsão
06/10/1990,Convulsão
06/11/1990,Dor de cabeça
06/12/1990,Dor de cabeça
06/01/1991,Dor de cabeça
06/02/1991,Dor de cabeça
06/03/1991,Dor de cabeça
06/04/1991,Dor de cabeça
06/05/1991,Dor de cabeça
06/06/1991,Dor de cabeça
06/08/1991,Oftalmoplegia
06/09/1991,Dor
06/10/1991,Dor
06/11/1991,Disúria psíquica
06/12/1991,Inflamação difusa
06/01/1992,maculopatia diabética do olho direito
09/01/1992,maculopatia diabética no olho esquerdo
06/02/1992,retinopatia diabética pré-proliferativa do olho direito
09/02/1992,retinopatia diabética pré-proliferativa do olho esquerdo
06/03/1992,Anomalia de divergência
06/04/1992,Reflexo anormal
06/05/1992,"Baixa visão, em ambos os olhos"
06/06/1992,"Baixa visão, em ambos os olhos"
06/07/1992,Massa da estrutura respiratória
06/08/1992,Massa da estrutura respiratória
06/09/1992,Dor
06/10/1992,Edema agudo
06/11/1992,Edema agudo
06/12/1992,Edema agudo
06/01/1993,Edema agudo
06/02/1993,Massa de estrutura linforeticular
09/02/1993,Massa do tronco
06/03/1993,Massa da estrutura respiratória
06/04/1993,Angina
09/04/1993,Dor
12/04/1993,Outras formas de angina pectoris
06/05/1993,Angina
09/05/1993,Dor
12/05/1993,Outras formas de angina pectoris
06/06/1993,Massa da estrutura cardiovascular
09/06/1993,Massa da estrutura respiratória
06/07/1993,Síncope
06/08/1993,Síncope
06/09/1993,Síncope
06/10/1993,Síncope
06/11/1993,Síncope
09/11/1993,Síncope de esforço
06/12/1993,Síncope
06/01/1994,Síncope
06/02/1994,Inflamação gomatosa (anormalidade morfológica)
06/03/1994,Condição eritematosa
06/04/1994,Peristalse ausente
06/05/1994,Massa da estrutura digestiva
06/06/1994,Intolerância alimentar
06/07/1994,Massa da estrutura digestiva
06/08/1994,Constipação
06/09/1994,Massa da estrutura genital feminina
06/10/1994,Dor
06/11/1994,Convulsão
06/12/1994,Corrimento purulento no mamilo
06/01/1995,Virilização
06/02/1995,Caquexia
06/03/1995,Caquexia
06/04/1995,Hipercapnia
09/04/1995,Hiperoxia
12/04/1995,Hipocapnia
06/05/1995,Erupção macular
09/05/1995,Mácula (anormalidade morfológica)
06/06/1995,Dermografismo retardado
09/06/1995,Urticária geográfica
12/06/1995,Urticária reflexa
06/07/1995,Dor
06/08/1995,Dor
06/09/1995,Massa do membro inferior
06/10/1995,Dor
06/11/1995,Dor
06/12/1995,Dor
06/01/1996,Condição eritematosa
06/02/1996,Erupção macular
06/03/1996,Erupção cutânea pustular (anormalidade morfológica)
06/04/1996,Inflamação gomatosa (anormalidade morfológica)
06/05/1996,Massa da estrutura digestiva
06/06/1996,Nódulo perianal
06/07/1996,Massa na virilha
06/08/1996,Caquexia
06/09/1996,Acromia da pele
06/10/1996,Massa da região do corpo
06/11/1996,Massa da estrutura digestiva
06/12/1996,Espasmo do olhar conjugado
06/01/1997,Massa da estrutura cardiovascular
06/02/1997,Massa da estrutura digestiva
06/03/1997,(Hemiplegia espástica) ou (pé espástico)
06/04/1997,Convulsão
06/05/1997,Convulsão
06/06/1997,Dor neuropática
06/08/1997,Distúrbio visual subjetivo
06/09/1997,Pulso bigeminal
09/09/1997,Pulso lábil
12/09/1997,Pulsus trigeminus
06/10/1997,Ausência de deglutição
09/10/1997,Dor no esôfago
06/11/1997,Tremores anais
06/12/1997,Dor no fígado
09/12/1997,Icterícia hepatocelular
06/01/1998,Insônia
06/02/1998,Distúrbio do umbigo
06/04/1998,Dor
06/05/1998,Amaurose fugaz
06/06/1998,Inchaço pré-menstrual
09/06/1998,O sintoma ocorre no período pré-menstrual
12/06/1998,Sensibilidade mamária pré-menstrual
06/07/1998,Dor
09/07/1998,Oftalmoplegia
06/09/1998,Erupção cutânea pustular (anormalidade morfológica)
06/10/1998,Hemiplegia
06/11/1998,"Baixa visão, em ambos os olhos"
06/12/1998,Aumento do tônus em forma de faca
09/12/1998,Balanço involuntário do tronco
12/12/1998,Clônus
15/12/1998,Clônus no punho
18/12/1998,Espasmo
21/12/1998,Espasmo local
24/12/1998,Espasticidade
27/12/1998,Fasciculação muscular
30/12/1998,Grimaces
02/01/1999,Movimento atetóide
05/01/1999,Movimento involuntário
08/01/1999,Movimentos anormais da cabeça
11/01/1999,Opistótono
14/01/1999,Pleurotótono
17/01/1999,Pseudoatetose
20/01/1999,Risus sardonicus
23/01/1999,Rolagem de pílulas
26/01/1999,Sincinesia
29/01/1999,Tremor contínuo
01/02/1999,Tremor crônico
04/02/1999,Tremor em repouso
07/02/1999,Tremor estático
10/02/1999,Tremor fino
13/02/1999,Tremor grosseiro
16/02/1999,Tremor intenso
19/02/1999,Tremor intermitente
22/02/1999,Tremor muscular
25/02/1999,Tremor ortostático
28/02/1999,Tremor passivo
03/03/1999,Tremor persistente
06/03/1999,Tremor tireotóxico
09/03/1999,Tremores
06/01/1999,Convulsão
06/02/1999,Ataxia cerebelar
06/03/1999,Ataxia cerebelar
06/04/1999,Coréia pós-hemiplégica
06/05/1999,Distonia paroxística
06/06/1999,Torcicolo espasmódico
06/07/1999,Blefaroespasmo
06/12/1999,Distúrbio mioclônico
06/01/2000,Distúrbio mioclônico
06/02/2000,Distúrbio mioclônico
06/03/2000,Distúrbio mioclônico
06/04/2000,Distúrbio mioclônico
06/05/2000,Distúrbio mioclônico
06/06/2000,Distúrbio mioclônico
06/08/2000,Convulsão
06/09/2000,Convulsão
06/10/2000,Convulsão
06/11/2000,Convulsão
06/12/2000,Convulsão
06/01/2001,Convulsão
06/02/2001,Convulsão
06/03/2001,Convulsão
06/04/2001,Convulsão
06/05/2001,Convulsão
06/06/2001,Convulsão
06/07/2001,Convulsão
06/08/2001,Convulsão
06/09/2001,Convulsão
06/10/2001,Convulsão
06/11/2001,Convulsão
06/12/2001,Convulsão
06/01/2002,Convulsão
06/02/2002,Convulsão
06/03/2002,Convulsão
06/04/2002,Convulsão
06/05/2002,Convulsão
06/06/2002,Convulsão
06/07/2002,Convulsão
06/08/2002,Convulsão
06/09/2002,Convulsão
06/10/2002,Convulsão
06/11/2002,Convulsão
06/12/2002,Convulsão
06/01/2003,Convulsão
06/02/2003,Convulsão
06/03/2003,Convulsão
06/04/2003,Convulsão
06/05/2003,Convulsão
06/06/2003,Convulsão
06/07/2003,Convulsão
06/08/2003,Convulsão
06/09/2003,Convulsão
09/09/2003,Convulsão parcial
06/10/2003,Convulsão
06/11/2003,Convulsão
06/12/2003,Convulsão
06/01/2004,Convulsão
06/02/2004,Convulsão
06/03/2004,Convulsão
06/04/2004,Convulsão
06/05/2004,Convulsão
06/06/2004,Convulsão
06/07/2004,Convulsão
06/08/2004,Convulsão
09/08/2004,Convulsão parcial
06/09/2004,Convulsão
09/09/2004,Convulsão parcial
06/10/2004,Dor de cabeça
09/10/2004,Dor de cabeça lancinante idiopática
12/10/2004,Dor de cabeça na menopausa
06/11/2004,Dor de cabeça
06/12/2004,Dor de cabeça
06/01/2005,Dor de cabeça
06/02/2005,Dor de cabeça
06/03/2005,Dor de cabeça
06/04/2005,Dor de cabeça
06/05/2005,Dor de cabeça
06/06/2005,Dor de cabeça
06/07/2005,Dor de cabeça
06/08/2005,Cefaléia pós-punção dural
09/08/2005,Dor de cabeça
06/09/2005,Dor de cabeça
06/10/2005,Dor de cabeça
06/11/2005,Insônia
06/12/2005,Hipersônia
06/01/2006,Ritmo de sono irregular
06/02/2006,Automatismo do sono
06/03/2006,Dor
09/03/2006,Ereção peniana dolorosa
06/04/2006,Dor
06/05/2006,Dor
06/06/2006,Dor
06/07/2006,Dor
06/08/2006,Dor
06/09/2006,Braços doloridos e dedos em movimento
09/09/2006,Pernas doloridas e dedos dos pés em movimento
06/11/2006,Ataxia
06/12/2006,Tonturas e vertigens
06/01/2007,Outros distúrbios da fala
06/02/2007,Sangramento no ouvido
06/03/2007,Sangramento no ouvido
06/04/2007,Vertigem subjetiva
06/05/2007,Vertigem subjetiva
06/06/2007,Tonturas e vertigens
09/06/2007,Vertigem subjetiva
06/07/2007,Espasmo
06/08/2007,Edema agudo
06/09/2007,Coloração dos dentes devido a medicamentos
06/10/2007,Mácula (anormalidade morfológica)
06/11/2007,Fezes soltas
06/12/2007,Icterícia (não de recém-nascido)
06/01/2008,(Constipação funcional) ou (fezes impactadas)
09/01/2008,Constipação
06/02/2008,Incoordenação neuromuscular ureteral
06/03/2008,Enurese
06/04/2008,Enurese
06/05/2008,Sintomas do sistema urinário
06/06/2008,Dor
06/07/2008,Dor de cabeça na menopausa
09/07/2008,Falta de concentração na menopausa
12/07/2008,Insônia na menopausa
15/07/2008,Sintoma da menopausa
06/08/2008,Distúrbios sintomáticos na gravidez
06/09/2008,Achado de vômito
06/10/2008,Achado de vômito
09/10/2008,Hiperêmese gravídica
06/11/2008,Achado de vômito
06/12/2008,Achado de vômito
06/01/2009,Ingurgitamento das mamas
06/02/2009,Descarga do mamilo
06/03/2009,Coceira na pele
06/04/2009,Irritação da pele
06/05/2009,Condição eritematosa
06/06/2009,Condição eritematosa
06/07/2009,Coceira na pele
06/08/2009,Coceira na pele
06/09/2009,Coceira na pele
06/10/2009,Coceira na pele
06/11/2009,Coceira na pele
06/12/2009,Erupção cutânea pustular (anormalidade morfológica)
06/01/2010,Erupção cutânea pustular (anormalidade morfológica)
06/02/2010,Coceira na pele
09/02/2010,Outras condições pruriginosas especificadas
06/03/2010,Condição eritematosa
06/04/2010,Tez pálida
06/05/2010,Tez pálida
06/06/2010,Tez pálida
06/07/2010,Condição eritematosa
06/08/2010,Condição eritematosa
06/09/2010,Condição eritematosa
06/10/2010,Condição eritematosa
06/11/2010,Condição eritematosa
06/12/2010,Condição eritematosa
06/01/2011,Condição eritematosa
06/02/2011,Condição eritematosa
06/03/2011,Condição eritematosa
06/04/2011,"Extensas erosões congênitas, vesículas e cicatrizes reticuladas"
06/05/2011,Condição eritematosa
06/06/2011,Distúrbio do umbigo
06/07/2011,Coceira no couro cabeludo
06/08/2011,Erupção cutânea psoriasiforme
06/09/2011,Condição eritematosa
06/10/2011,Pigmentação por drogas
06/11/2011,Convulsão
06/12/2011,Tez pálida
06/01/2012,Coceira na pele
06/02/2012,Dor na parede torácica
09/02/2012,Dor pós-operatória
06/03/2012,Dor causada por expansor de tecido
06/04/2012,Frouxidão da articulação subtalar
09/04/2012,Rigidez da articulação subtalar
06/05/2012,Frouxidão da articulação do pé
06/06/2012,Caroço no dedo
06/07/2012,Caroço no dedo
06/08/2012,Caroço no dedo
06/09/2012,Clique no polegar (categoria dependente do contexto)
06/10/2012,Dor
06/12/2012,Cãibra no pé
06/01/2013,Dor
06/02/2013,Respiração grunhida
06/03/2013,Condição eritematosa
06/04/2013,Exaustão
06/05/2013,Convulsão
06/06/2013,Convulsão
09/06/2013,Convulsão parcial
06/07/2013,Convulsão
09/07/2013,Vertigem associada a convulsões
12/07/2013,Vertigem subjetiva
06/08/2013,Convulsão
06/09/2013,Esforço incomitante
06/10/2013,Olhar pós-básico
06/11/2013,Dor lombar
06/12/2013,(Outros sintomas nas costas) ou (síndrome da articulação facetária)
09/12/2013,Dor nas articulações
06/02/2014,Dor neurogênica
06/03/2014,Dor
06/04/2014,Dor
06/05/2014,Dor anal
09/05/2014,Dor retal
06/06/2014,Autonegligência
06/07/2014,Condição eritematosa
06/09/2014,Pescoço torto/torcicolo
06/11/2014,Rigidez das articulações
06/01/2015,Marcha anormal
06/02/2015,Marcha anormal
09/02/2015,Marcha cambaleante
06/03/2015,Convulsão
06/04/2015,Convulsão
06/05/2015,Dor neuropática
06/06/2015,Massa da estrutura digestiva
06/07/2015,Condição eritematosa
06/08/2015,Perda auditiva central bilateral
06/09/2015,Dor lombar
06/10/2015,Sinal ou sintoma de abstinência
06/11/2015,Sinal ou sintoma de abstinência
06/12/2015,Outros distúrbios da fala
06/01/2016,Outros distúrbios da fala
06/02/2016,Gagueira adquirida
06/03/2016,Outros distúrbios da fala
06/04/2016,Perda de voz
06/05/2016,Perda de voz
06/06/2016,Perda de voz
06/07/2016,Outras disfunções simbólicas
06/08/2016,Problema de coordenação
06/09/2016,Problema de coordenação
06/10/2016,Problema de coordenação
06/11/2016,Outros distúrbios da fala
06/12/2016,Problema de coordenação
06/01/2017,Outros distúrbios da fala
06/02/2017,Problema de coordenação
06/03/2017,Outros distúrbios da fala
06/04/2017,Outros distúrbios da fala
06/05/2017,Hemiplegia
06/06/2017,Fraldas (e fraldas neonatais)
06/07/2017,Outros sinais cerebrais anormais do recém-nascido
06/08/2017,Convulsão
06/09/2017,Alteração arlequim
06/10/2017,Vertigem subjetiva
06/11/2017,Condição eritematosa
06/12/2017,Suor excessivo
06/01/2018,Dor lombar
06/02/2018,Dor de cabeça
06/03/2018,Dor no peito
09/03/2018,Dor persistente após o procedimento
06/04/2018,Dor
06/05/2018,Dor
06/06/2018,Ciática
09/06/2018,Dor
06/07/2018,Dor abdominal
06/08/2018,Blefaroespasmo
09/08/2018,Prurido da vagina
12/08/2018,Torcicolo espasmódico
06/09/2018,Prurido do pênis
09/09/2018,Prurido escrotal
12/09/2018,Queimação no escroto
06/10/2018,Pigmentação por drogas
06/11/2018,Convulsão
06/12/2018,Convulsão
06/01/2019,Convulsão
06/02/2019,Convulsão
06/03/2019,Convulsão
06/04/2019,Convulsão
06/05/2019,Icterícia fisiológica do recém-nascido
06/06/2019,Fezes soltas
06/07/2019,Fezes soltas
06/08/2019,Fezes soltas
06/09/2019,Nódulo perineal
06/10/2019,Fezes soltas
06/11/2019,Escarro com manchas de sangue
06/12/2019,Aberração cromática da visão
06/01/2020,Olho vermelho relacionado a lentes de contato
06/02/2020,Convulsão
06/03/2020,Cefaléia pós-punção dural
09/03/2020,Dor de cabeça
12/03/2020,Reação à punção lombar ou espinhal
06/04/2020,Outros sintomas gerais
09/04/2020,Sintoma neurológico
06/05/2020,Inchaço da estrutura urológica
09/05/2020,Massa da estrutura do sistema urinário
06/06/2020,Cianose facial neonatal traumática
06/07/2020,Tontura multissensorial
09/07/2020,Zumbido de Leudet
12/07/2020,Zumbido de origem vascular
06/08/2020,Hemiplegia
06/09/2020,Condição eritematosa
06/10/2020,Problema de coordenação
06/11/2020,Distúrbio visual subjetivo
09/11/2020,Outro distúrbio visual especificado
06/12/2020,Dor
06/01/2021,Dor de cabeça
06/02/2021,Dor de cabeça
06/03/2021,Dor de cabeça
06/04/2021,Ausência de sensibilidade
09/04/2021,Distúrbio da sensação cutânea
06/05/2021,Distúrbio da sensação cutânea
06/06/2021,Cianose da pele
06/07/2021,Dor de cabeça
06/08/2021,Dor de cabeça
06/09/2021,Dor na região da cabeça e do pescoço
09/09/2021,Dor radicular
06/10/2021,Condição eritematosa
09/10/2021,Dor
06/11/2021,Coceira na pele
09/11/2021,Outras condições pruriginosas especificadas
06/12/2021,Inflamação gomatosa (anormalidade morfológica)
06/01/2022,Mácula (anormalidade morfológica)
06/02/2022,Disfunção motora
09/02/2022,Espasmo
06/03/2022,Convulsão
06/04/2022,Coceira na pele
09/04/2022,Outras condições pruriginosas especificadas
06/05/2022,Deposição de pigmento da malária
09/05/2022,Deposição de pigmento esquistossomótico
12/05/2022,Pigmentação por drogas
15/05/2022,Pigmentação sanguínea da córnea
18/05/2022,Sinal de Cullen
06/06/2022,Coloração extrínseca dos dentes associada a hábitos orais
09/06/2022,Coloração extrínseca dos dentes associada à higiene bucal inadequada
06/07/2022,Convulsão
06/08/2022,Espasmo
06/10/2022,Mioclonia palatal
06/11/2022,Neuralgia cutânea femoral lateral
09/11/2022,Neuralgia do nervo genitofemoral
12/11/2022,Neuralgia do nervo ilioinguinal
15/11/2022,Neuralgia do obturador
18/11/2022,Neuralgia testicular
06/12/2022,Nódulo de Osler
06/02/2023,Coceira na pele
09/02/2023,Outras condições pruriginosas especificadas
06/03/2023,Corrimento nasal purulento
06/04/2023,Perda visual não qualificada de um olho
06/05/2023,Condição eritematosa
06/06/2023,Outro distúrbio visual especificado