Macro Evento,Doenca
06/06/1923,Síndrome da Imune Deficiência Adquirida (AIDS) (Transtorno)
06/07/1923,Doença aguda
06/08/1923,Faringite aguda
06/09/1923,Síndrome de Stokes-Adams-Morgagni
06/10/1923,Ambliopia
06/11/1923,Amenorréia
06/12/1923,Angina de Prinzmetal
06/01/1924,Anoréxico
06/02/1924,Anuria
06/03/1924,Astenopia acomodativa
06/04/1924,Retinopatia diabética não proliferativa
06/05/1924,Retinopatia de fundo
06/06/1924,Transtorno dos gânglios da base
06/07/1924,Transtorno da visão binocular
06/08/1924,Cisto ósseo
06/09/1924,Transtorno do cérebro
06/10/1924,Transtorno da mama
06/11/1924,Transtorno de Bronchus
06/12/1924,Síndrome da boca em chamas
06/01/1925,Transtorno do sistema cardiovascular
06/02/1925,"Síndrome da dor regional complexa, tipo II"
06/03/1925,Transtorno do sistema nervoso central
06/04/1925,Síndrome da deficiência cerebelar
06/05/1925,Dissynergia cerebellaris myoclonica
06/06/1925,Neuralgia do cervicobrachial
06/07/1925,Neuralgia cervico-occipital
06/08/1925,Doença de Chagas sem menção ao envolvimento de órgãos (desordem)
06/09/1925,Coréia
06/10/1925,Doença crônica
06/11/1925,Rinite crônica
06/12/1925,Dor de cabeça de cluster
06/01/1926,Transtorno do cólon
06/02/1926,Coma
06/03/1926,Gripe comum
06/04/1926,Condiloma acuminatum
06/05/1926,Convulsão febril
06/06/1926,Transtorno da córnea
06/07/1926,Espasmo da artéria coronariana
06/08/1926,Cãs de banho
06/09/1926,Neuralgia craniana
06/10/1926,5p Síndrome de monossomia parcial
06/11/1926,Endometriose cutânea
06/12/1926,Acreção nos dentes
06/01/1927,Dentina sensível
06/02/1927,Dermatite
06/03/1927,Eritroderma generalizada
06/04/1927,Dispraxia
06/05/1927,Diabetes mellitus
06/06/1927,Retinopatia diabética
06/07/1927,Diplopia
06/08/1927,Doença (desordem)
06/09/1927,Trisomia completa 21 Síndrome
06/10/1927,Insuficiência do filme lacrimal
06/11/1927,Doença diarréica infecciosa
06/12/1927,Diskinesia
06/01/1928,Dor na genitália feminina na relação sexual
06/02/1928,Dispnéia paroxística
06/03/1928,Distonia de torção
06/04/1928,Transtorno do ouvido
06/05/1928,Eclampsia
06/06/1928,Deficiência nutricional devido a alimentos insuficientes
06/07/1928,Endocardite bacteriana subaguda
06/08/1928,Transtorno do sistema endócrino
06/09/1928,Endometriose (clínica)
06/10/1928,Endometriose do tubo de falópio
06/11/1928,"Necrólise epidérmica tóxica de Lyell, tipo subepidérmico"
06/12/1928,Convulsão epiléptica
06/01/1929,Epilepsia relacionada à localização
06/02/1929,Epilepsia generalizada
06/03/1929,Epilepsia tônica-clônica
06/04/1929,Apreensão mioclônica
06/05/1929,Crise de ausência
06/06/1929,Epilepsia do lobo temporal
06/07/1929,Intertrigo candidal
06/08/1929,Eritema crônica migrans
06/09/1929,Eritema multiforme
06/10/1929,Dermatose eritematosquâmica
06/11/1929,Eritomelalgia
06/12/1929,Eritomelalgia primária
06/01/1930,Estenose do esôfago
06/02/1930,Erupção cutânea
06/03/1930,EXOFTALALMOS
06/04/1930,Doença extrapiramidal
06/05/1930,Transtorno do olho adequado
06/06/1930,Transtorno da pálpebra
06/07/1930,Falha em prosperar
06/08/1930,Pulmão dos agricultores
06/09/1930,Síndrome da fadiga crônica
06/10/1930,Incontinência de fezes
06/11/1930,Status fetal não causador
06/12/1930,Fibronsite
06/01/1931,Convulsão parcial simples com disfunção motor
06/02/1931,Cisto de erupção
06/03/1931,Freemartin
06/04/1931,Transtorno funcional do intestino
06/05/1931,Epilepsia não conversiva generalizada
06/06/1931,Transtorno do sistema genital feminino
06/07/1931,Transtorno de órgão genital masculino
06/08/1931,Granuloma laríngeo
06/09/1931,Perda auditiva central
06/10/1931,Cegueira diurna
06/11/1931,Paresia unilateral
06/12/1931,Hematotimpano
06/01/1932,Hiperemese de forma leve
06/02/1932,Hiperestesia dolorosa
06/03/1932,Distúrbios de sonolência excessiva
06/04/1932,Transtorno hipertensivo
06/05/1932,Crescimento excessivo do cabelo
06/06/1932,Ictiose congênita da pele
06/07/1932,Transtorno neonatal
06/08/1932,Distúrbios de iniciar e manter o sono
06/09/1932,Intertrigo
06/10/1932,Transtorno do intestino
06/11/1932,Icterícia neonatal
06/12/1932,Síndrome de icterícia colestática
06/01/1933,Transtorno da mandíbula
06/02/1933,Síndrome oculocraniosomomática
06/03/1933,Leukoplakia do pênis
06/04/1933,Transtorno labirinto
06/05/1933,Distúrbio do sistema lacrimal
06/06/1933,Transtorno de fala e linguagem
06/07/1933,Espasmo laríngeo
06/08/1933,Leucorréia
06/09/1933,Transtorno do lábio
06/10/1933,Doença do fígado
06/11/1933,"Linfadenite não especificada, excluindo linfadeiro mesentérico"
06/12/1933,Cisto linfático
06/01/1934,Febre da malária
06/02/1934,Melanose (anormalidade morfológica)
06/03/1934,Chloasma
06/04/1934,Doença de Ménière
06/05/1934,Doença infecciosa meningocócica
06/06/1934,Doença metabólica
06/07/1934,Doença de movimento
06/08/1934,Fluorose dentária
06/09/1934,Doença da boca
06/10/1934,Transtorno do movimento
06/11/1934,Transtorno do músculo
06/12/1934,Mialgia e miosite não especificados
06/01/1935,Myxedema
06/02/1935,Transtorno da unha
06/03/1935,Narcolepsia
06/04/1935,Neuralgia nasociliar
06/05/1935,Transtorno da nasofaringe
06/06/1935,Transtorno do sistema nervoso
06/07/1935,Transtorno do nariz
06/08/1935,Transtorno nutricional
06/09/1935,Nistagmo (desordem)
06/10/1935,Transtorno dos movimentos oculares
06/11/1935,Omfalite
06/12/1935,Pachydermoperiostosis de unha
06/01/1936,Outras doenças hepáticas crônicas não alcoólicas
06/02/1936,Outra cavidade nasal e doença sinusal
06/03/1936,Outros distúrbios do metabolismo da proteína plasmática nos
06/04/1936,Outros distúrbios especificados do músculo
06/05/1936,Outras doenças especificadas de tecidos duros dos dentes
06/06/1936,Outras doenças especificadas do pâncreas
06/07/1936,Outros distúrbios especificados da bexiga
06/08/1936,Outros distúrbios especificados de rim e ureter
06/09/1936,Outros distúrbios especificados de órgãos genitais masculinos
06/10/1936,Outros distúrbios especificados do pênis
06/11/1936,Outros distúrbios da pele especificados
06/12/1936,Outros distúrbios especificados de dentes e estruturas de apoio
06/01/1937,Outras condições eritematosas especificadas
06/02/1937,Outras condições atróficas e hipertróficas especificadas da pele
06/03/1937,Outros distúrbios mioneurais especificados
06/04/1937,Outros distúrbios não inflamatórios especificados da vagina
06/05/1937,Outras doenças periodontais especificadas
06/06/1937,Outros Schistosoma nos especificados
06/07/1937,Outros Urticária especificada
06/08/1937,Outras sinovite e tenossinovite
06/09/1937,Transtorno do pâncreas
06/10/1937,Eritema nodosum migrans
06/11/1937,Edema de disco óptico
06/12/1937,Parakeratose (anormalidade morfológica)
06/01/1938,Paramyoclonus multiplex
06/02/1938,Distúrbio do seio nasal
06/03/1938,Paraplegia
06/04/1938,Parasomnia
06/05/1938,Mal de Parkinson
06/06/1938,Transtorno do pênis
06/07/1938,Granuloma apical
06/08/1938,Transtorno do sistema nervoso periférico
06/09/1938,Transtorno do peritônio
06/10/1938,Petechiae de pele
06/11/1938,Faringite
06/12/1938,Erupção de luz polimórfica
06/01/1939,Fotodermatite
06/02/1939,Pleurodinia epidêmica
06/03/1939,Pneumatose citoides intestinalis
06/04/1939,Neuralgia pós -coletiva
06/05/1939,Neuralgia pós -infecciosa
06/06/1939,Complicação relacionada à gravidez
06/07/1939,Contração atrial prematura
06/08/1939,Myxedema pretibial
06/09/1939,Priapismo
06/10/1939,Insônia primária
06/11/1939,Transtorno da próstata
06/12/1939,Erupção cutânea pruritica
06/01/1940,Purigo Papule
06/02/1940,Dor de cabeça psicogênica
06/03/1940,Transtorno purpúrico
06/04/1940,Quadriplegia
06/05/1940,Radiculite
06/06/1940,"Síndrome da dor regional complexa, tipo I tipo I"
06/07/1940,Transtorno da refração
06/08/1940,Distúrbio do sistema respiratório
06/09/1940,Retinopatia
06/10/1940,Rinite
06/11/1940,Distúrbio da glândula salivar
06/12/1940,Infecção por Schistosoma
06/01/1941,Transtorno de Sclera
06/02/1941,Scleredema
06/03/1941,Defeito no campo visual
06/04/1941,Doença de Silo-Fillers
06/05/1941,Infecção da pele
06/06/1941,Infecção parasita da pele
06/07/1941,Lesão na pele
06/08/1941,Apnéia do sono
06/09/1941,Transtorno de caminhada do sono
06/10/1941,Síndrome do oeste
06/11/1941,Neuralgia de Esfenopalatina
06/12/1941,Doença da medula espinhal
06/01/1942,Transtorno da coluna vertebral
06/02/1942,Status epilepticus
06/03/1942,Síndrome de Stevens-Johnson
06/04/1942,Transtorno do estômago
06/05/1942,Heterotropia
06/06/1942,Oftalmoplegia supranuclear progressiva
06/07/1942,Neuralgia supraorbital
06/08/1942,Transtorno do testículo
06/09/1942,Tetany
06/10/1942,Transtorno do tórax
06/11/1942,Distúrbio da glândula tireóide
06/12/1942,Síndrome de Tolosa-Hunt
06/01/1943,Transtorno da língua
06/02/1943,Transtorno dentário
06/03/1943,Neuralgia trigeminal
06/04/1943,Trismus (descobriu)
06/05/1943,Tripanossomíase
06/06/1943,Tuberculose da pele
06/07/1943,Doença difusa do tecido conjuntivo
06/08/1943,Infecção respiratória superior
06/09/1943,Incontinencia urinaria
06/10/1943,Incontinência de estresse genuína
06/11/1943,Fístula do trato-genital urinário feminino
06/12/1943,Distúrbio do trato urinário
06/01/1944,Transtorno da vagina
06/02/1944,Vaginite e vulvovaginite
06/03/1944,Variantes de enxaqueca
06/04/1944,Varizes venosas
06/05/1944,Transtorno vascular
06/06/1944,Dor de cabeça vascular
06/07/1944,Ataque Vasovagal
06/08/1944,Insuficiência velofaríngea
06/09/1944,Neuralgia vidiana
06/10/1944,Doença viral
06/11/1944,Fenômeno entupto
06/12/1944,Visão anormal
06/01/1945,Transtorno da vulva
06/02/1945,Verruca vulgaris
06/03/1945,Desperdiçar doenças
06/04/1945,Xeroderma
06/05/1945,Hipoossecreção da glândula salivar
06/06/1945,Bradyarrithythmia
06/07/1945,Síndrome da poliomielite pós -poliomielite
06/08/1945,Doença vascular periférica
06/09/1945,Neovascularização da córnea
06/10/1945,Eosinofilia Síndrome do mialgia
06/11/1945,Eritema infectioso
06/12/1945,Convulsões epilépticas parciais complexas
06/01/1946,Epilepsia do lobo frontal
06/02/1946,Epilepsia parcialis continua
06/03/1946,Hipertensão essencial
06/04/1946,Monoplegia
06/05/1946,Akinesia
06/06/1946,LiveDo reticularis
06/07/1946,Eritema marginatum
06/08/1946,Neuralgia do plexo braquial
06/09/1946,Marasmus nutricionais
06/10/1946,Síndrome da pré -infarto
06/11/1946,Ataxia spinocerebelar
06/12/1946,Infecção por tecidos moles
06/01/1947,Granuloma umbilical
06/02/1947,Dismenorreia primária
06/03/1947,Enxaqueca
06/04/1947,Neuropatia ciática
06/05/1947,Oftalmoplegia diabética
06/06/1947,Dor crônica (achado)
06/07/1947,Angiite de hipersensibilidade
06/08/1947,Atrophoderma
06/09/1947,Transtorno do tronco cerebral
06/10/1947,Diarréia hemorrágica
06/11/1947,Aumentou a pressão intracraniana
06/12/1947,Doença cardíaca isquêmica
06/01/1948,Cólica biliar
06/02/1948,Transtorno da gravidez
06/03/1948,Transtorno sensorial
06/04/1948,Osteocondropatia
06/05/1948,Transtorno do diafragma
06/06/1948,Meralgia Paresthetica
06/07/1948,Oftalmoplegia internuclear
06/08/1948,Oftalmoplegia exoftálmica
06/09/1948,Pilorospasmo
06/10/1948,Síndrome de vômito cíclico
06/11/1948,Espasmo anal
06/12/1948,Decúbito angina (desordem)
06/01/1949,Oftalmoplegia interna total
06/02/1949,Esofora
06/03/1949,LAGOFTALMOS
06/04/1949,Produção excessiva de lágrimas
06/05/1949,Urticária colinérgica
06/06/1949,Eritema tóxico
06/07/1949,Polipo placentário
06/08/1949,Anel de Kayser-Fleischer
06/09/1949,Diarréia de origem infecciosa presumida
06/10/1949,Neuralgia trigêmea pós-herpética
06/11/1949,"Outra sífilis congênita tardia, sintomática"
06/12/1949,Deficiência de vitamina A com o ponto de bitot e xerose conjuntival
06/01/1950,Outras doenças extrapiramidais e distúrbios de movimento anormal (desordem)
06/02/1950,Mielopatia vascular
06/03/1950,Monoplegia do membro inferior
06/04/1950,Monoplegia do membro superior
06/05/1950,Outras síndromes paralíticas especificadas
06/06/1950,Enxaqueca com aura
06/07/1950,Transtorno de meninges
06/08/1950,Neuralgia glossofaríngea
06/09/1950,Outros distúrbios da raiz nervosa e do plexo
06/10/1950,Outros membros da mononeurite
06/11/1950,Retinopatia diabética proliferativa (desordem)
06/12/1950,Outras anormalidade microvascular intrarretinal (desordem)
06/01/1951,Oclusão arterial transitória
06/02/1951,Distúrbio visual psicofísico
06/03/1951,Ceratite intersticial difusa
06/04/1951,Vascularização localizada da córnea
06/05/1951,Pigmentação da córnea anterior
06/06/1951,Cisto conjuntival
06/07/1951,Outros distúrbios conjuntivos
06/08/1951,Outros distúrbios da pálpebra
06/09/1951,Outros distúrbios esclerais
06/10/1951,Estafiloma escleral
06/11/1951,Transtorno de Pinna
06/12/1951,Vertigem posicional paroxística benigna
06/01/1952,Vertigem de origem central
06/02/1952,Outros distúrbios do ouvido
06/03/1952,Varizes vulvalos
06/04/1952,Outras doenças especificadas do sistema circulatório
06/05/1952,Dor de garganta - crônica
06/06/1952,Bronquite crônica simples
06/07/1952,Edema pulmonar agudo devido a vapores e/ou vapores
06/08/1952,Edema pulmonar agudo
06/09/1952,Doença gengival e periodontal
06/10/1952,Cisto de tecido mole oral
06/11/1952,Outras condições especificadas da língua
06/12/1952,Transtorno da função do estômago
06/01/1953,Outras doenças do Apêndice
06/02/1953,Diarréia funcional
06/03/1953,Outros distúrbios especificados da próstata
06/04/1953,Outros distúrbios especificados da mama
06/05/1953,Endometriose do ovário
06/06/1953,Endometriose do peritônio pélvico
06/07/1953,Endometriose de septo retovaginal e vagina
06/08/1953,Endometriose do intestino
06/09/1953,Endometriose na cicatriz da pele
06/10/1953,Transtorno não inflamatório da vagina
06/11/1953,Distúrbios menopausa e pós -menopausa
06/12/1953,Eclâmpsia em puerperium
06/01/1954,Hiperemese gravidarum com perturbação metabólica - entregue
06/02/1954,Outros distúrbios de lactação não especificados
06/03/1954,Outros tecidos de granulação anormais nos
06/04/1954,Outros distúrbios especificados da glândula suada
06/05/1954,Desarranjo do joelho
06/06/1954,Outros distúrbios articulares especificados da mão
06/07/1954,Outros distúrbios articulares especificados da perna
06/08/1954,Outros distúrbios articulares especificados do tornozelo e do pé
06/09/1954,"Transtorno articular Nos, da região do ombro"
06/10/1954,"Transtorno articular Nos, do braço"
06/11/1954,"Transtorno articular Nos, do antebraço"
06/12/1954,Artropatia da articulação
06/01/1955,Síndrome difusa de cervicobrachial
06/02/1955,Transtorno do sacro
06/03/1955,Outro distúrbio do coccyx -retirado-
06/04/1955,Distúrbios das costas - Outro
06/05/1955,Entesopatia do tornozelo e/ou tarso
06/06/1955,"Outros distúrbios sinoviais, tendões e de bursa"
06/07/1955,Gânglio da articulação
06/08/1955,"Distúrbios musculares, ligamentos e fáscia"
06/09/1955,Outros distúrbios do tecido mole
06/10/1955,TACHYPNEA DO RECONBUNDO (DISDORAGEM)
06/11/1955,Icterícia perinatal devido a danos hepatocelulares
06/12/1955,Convulsões no recém -nascido
06/01/1956,Outras condições especificadas originárias do período perinatal
06/02/1956,Depósito da córnea
06/03/1956,Oftalmoplegia externa
06/04/1956,Dor múltipla da articulação
06/05/1956,Deficiência nutricional
06/06/1956,Infecção bacteriana da pele
06/07/1956,Síndrome de Fukuhara
06/08/1956,Hipogonadismo com anosmia
06/09/1956,Doença vascular da pele
06/10/1956,Pele hipopigmentada
06/11/1956,Transtorno da pele e/ou tecido subcutâneo
06/12/1956,Transtorno do sistema reprodutivo
06/01/1957,Algoneurodistrofia
06/02/1957,Insônia familiar fatal
06/03/1957,Síndrome cardíaca x
06/04/1957,Hidropisia endolinfática
06/05/1957,Convulsões familiares neonatais benignas
06/06/1957,Síndrome de Mauriac
06/07/1957,Doença cardíaca de mixedema
06/08/1957,Enxaqueca oftalmoplegica
06/09/1957,Ataxia cerebelar abortiva
06/10/1957,Obstipação
06/11/1957,Urticária devido a frio
06/12/1957,Cheilite angular
06/01/1958,Eritema migratório necrolítico
06/02/1958,Distrophia Unguium
06/03/1958,Retração do mamilo
06/04/1958,Gumma sifilítica
06/05/1958,Transtorno da função articular
06/06/1958,Escápula estalada
06/07/1958,Achillodynia
06/08/1958,Defeito ventilatório
06/09/1958,Apneia éter
06/10/1958,Murmur contínuo
06/11/1958,Incontinência neurogênica
06/12/1958,Constipação crônica com transbordamento
06/01/1959,Diarréia nervosa
06/02/1959,Anti-diurese
06/03/1959,Hidrorréia Gravidarum
06/04/1959,Delirium de exaustão
06/05/1959,Distúrbio fisiológico associado ao humor
06/06/1959,Não -desenvolvimento sexual
06/07/1959,Paralisia bilateral parcial
06/08/1959,Paresia unilateral parcial
06/09/1959,Paresia unilateral completa
06/10/1959,Paralisia muscular neurológica
06/11/1959,Fraqueza muscular neurológica
06/12/1959,General areflexia
06/01/1960,Acroparestesia
06/02/1960,Dor de cabeça alérgica
06/03/1960,Neuralgia atípica
06/04/1960,Neuralgia do toco
06/05/1960,Paralisia atetoide
06/06/1960,Síncope hipotensa
06/07/1960,Síncope Tussive
06/08/1960,Amusia
06/09/1960,Anosognósia
06/10/1960,Anarthria
06/11/1960,Motor Apraxia
06/12/1960,Apreensão generalizada
06/01/1961,Convulsão central
06/02/1961,Crise clônica
06/03/1961,Coordenar convulsão
06/04/1961,Convulsão puerperal
06/05/1961,Convulsão tetânica
06/06/1961,Grito epiléptico
06/07/1961,Delirium pós -revisor
06/08/1961,Apreensão de estresse
06/09/1961,Vertigem cortical
06/10/1961,Vertigem ocular
06/11/1961,Vertigem cerebelar
06/12/1961,Eritema anular
06/01/1962,"Simples apreensão parcial, consciência não prejudicada"
06/02/1962,Epilepsia do córtex motor
06/03/1962,Cicloplegia
06/04/1962,Transtorno da veia
06/05/1962,Hemorragia do trato respiratório
06/06/1962,Diarréia neonatal
06/07/1962,Síndrome da membrana mucosa ocular
06/08/1962,Pólipo gástrico
06/09/1962,Transtorno do site do aplicativo
06/10/1962,Síndrome de Lennox-Gastaut
06/11/1962,Myxedema juvenil
06/12/1962,Pólipo de laringe
06/01/1963,Espasmo dos músculos das costas
06/02/1963,Carotidinia
06/03/1963,Massa de fígado
06/04/1963,Induração da pele
06/05/1963,Endometriose da pélvis
06/06/1963,Angiomatose da retina
06/07/1963,Deficiência de visão de cores
06/08/1963,Doença congênita
06/09/1963,Edema da retina
06/10/1963,Transtorno auditivo
06/11/1963,Tipo histológico de transtorno de pele inflamatória
06/12/1963,Dermatite difusa
06/01/1964,Paniculite afetando as costas
06/02/1964,Paniculite que afeta o sacro
06/03/1964,Abscesso de umbilo
06/04/1964,Celulite de umbilo
06/05/1964,Linfangite aguda de umbilo
06/06/1964,Pyoderma juvenil
06/07/1964,Bacterídeo
06/08/1964,Bacterídeo pustular
06/09/1964,"Eritema multiforme, tipo dérmico"
06/10/1964,"Eritema multiforme, tipo dérmico-epidérmico misto"
06/11/1964,"Eritema multiforme, tipo epidérmico"
06/12/1964,ERYTHEMA IRIS
06/01/1965,Herpes íris
06/02/1965,Urticária imunológica
06/03/1965,"Urticária pigmentosa, tipo maculopapular"
06/04/1965,Prurido senilis
06/05/1965,Prurigo simplex
06/06/1965,Prurigo nodularis
06/07/1965,Erythema gyratum se repens
06/08/1965,ERYTHEMA ANNULARE CENTRIFUGUM
06/09/1965,Eritema dischromicum perstans
06/10/1965,"Outra condição eritematosa especificada, NEC"
06/11/1965,Eritema elevatum diutinum
06/12/1965,Ulerythema
06/01/1966,Ubertema das bochechas
06/02/1966,Granulose Rubra nasi
06/03/1966,Eritromomelaisisfoliculares de rosto e/ou pescoço
06/04/1966,Pigmentação de clorpromazina
06/05/1966,Chrysoderma
06/06/1966,Condição hipertrófica da pele
06/07/1966,Papinhas dolorosas do pedal piezogênico
06/08/1966,Papúpulas de pressão pigmentada dolorosas
06/09/1966,Os nódulos do surfista
06/10/1966,Nódulos de pulso do pulso
06/11/1966,Os nódulos do seletor
06/12/1966,Transtorno de tecido musculoesquelético e conjuntivo
06/01/1967,"Efusão da junta de outro local, NEC"
06/02/1967,Aprisionando o quadril
06/03/1967,Lumbago-sciatica devido ao deslocamento do disco intervertebral lombar
06/04/1967,Síndrome de Grisel
06/05/1967,Transtorno de costas
06/06/1967,Síndrome de Putti
06/07/1967,Síndrome de Putti-Chavany
06/08/1967,Ganglionar a aponeurose
06/09/1967,Transtorno de tecido mole
06/10/1967,Fibrosite primária
06/11/1967,Fibrosite secundária
06/12/1967,Síndrome da Xiphoidalgia
06/01/1968,Disfunção segmentar
06/02/1968,Edema da nasofaringe
06/03/1968,Cisto da faringe
06/04/1968,Hemiplegia laríngea
06/05/1968,Distúrbio de cordão vocal
06/06/1968,Doença dos manipuladores de grãos
06/07/1968,Cisto diafragmático
06/08/1968,Disfonia espástica adutor
06/09/1968,Disfonia espástica adutora de tremor de voz orgânica
06/10/1968,Disfonia espástica abdutor
06/11/1968,Transtorno da voz neurológica
06/12/1968,Disfonia pseudobulbar mista de flácidos espásticos
06/01/1969,Disfonia parkinsoniana hipocinética
06/02/1969,Disfonia do mioclonia palatofaríngeo
06/03/1969,Aphonia apxic
06/04/1969,DysProsody of 'Pseudoforign Dialeect'
06/05/1969,Transtorno ressonatório nasal
06/06/1969,Rinolalia posterior Clausa
06/07/1969,Rinolalia anterior Clausa
06/08/1969,Nasalidade mista
06/09/1969,Disfonia psicogênica
06/10/1969,Nódulos vocais em crianças
06/11/1969,Nódulos vocais em adultos
06/12/1969,Falseto mutacional
06/01/1970,Transtorno de voz devido ao fator iatrogênico
06/02/1970,"Angina, classe I"
06/03/1970,"Angina, classe II"
06/04/1970,"Angina, classe III"
06/05/1970,"Angina, classe IV"
06/06/1970,Angina noturna
06/07/1970,Status anginosus
06/08/1970,Síncope Anginosa
06/09/1970,Insuficiência coronariana aguda
06/10/1970,Transtorno da condução do coração
06/11/1970,Doença cardíaca congênita cianótica
06/12/1970,Aneurisma congênito de aorta
06/01/1971,Koilonychia congênita
06/02/1971,Cisto globulo-maxilar
06/03/1971,Cisto palatal mediano
06/04/1971,Cisto naso-litais
06/05/1971,Massa pulsátil abdominal
06/06/1971,Cólica endêmica
06/07/1971,Pólipo gengival
06/08/1971,Transtorno de tecidos moles orais
06/09/1971,Cisto linfoepitelial da boca
06/10/1971,Granuloma de lábio
06/11/1971,Dispepsia não úlcera
06/12/1971,Vômito de hábito
06/01/1972,Náusea e vômito induzidos por drogas
06/02/1972,Granuloma idiopático isolado de estômago
06/03/1972,Dor alimentar do trato devido à insuficiência vascular
06/04/1972,Diarréia não infectiva
06/05/1972,Diarréia alérgica
06/06/1972,Diarréia dietética
06/07/1972,Granuloma do intestino
06/08/1972,Constipação idiopática crônica
06/09/1972,Constipação por obstrução
06/10/1972,Constipação induzida por drogas
06/11/1972,Dor anal idiopática crônica
06/12/1972,Enterposasmo
06/01/1973,Colonospasmo
06/02/1973,Bilioso vômito após cirurgia gastrointestinal
06/03/1973,Timpanitas de Cecum
06/04/1973,Diarréia osmótica
06/05/1973,Diarréia secretora
06/06/1973,Diarréia induzida por drogas e/ou toxinas
06/07/1973,Síndrome descendente do períneo
06/08/1973,Transtorno do Apêndice
06/09/1973,Enterite nãonulomatosa difusa idiopática
06/10/1973,Diarréia pós -quolecystectomia
06/11/1973,Diarréia devido à ingestão de álcool
06/12/1973,Diarréia associada ao leite bruto
06/01/1974,Diarréia crônica de bebês e/ou crianças pequenas
06/02/1974,Diarréia secretora congênita
06/03/1974,"Diarréia secretora congênita, tipo de cloreto"
06/04/1974,"Diarréia secretora congênita, tipo de sódio"
06/05/1974,Massa retroperitoneal
06/06/1974,Fibróide parasitário
06/07/1974,Cisto de fígado
06/08/1974,Cólica biliar recorrente
06/09/1974,Semi-estrela
06/10/1974,Transtorno hipotônico
06/11/1974,Cetoacidose de fome
06/12/1974,Hipercapnia com transtorno de ácido misto
06/01/1975,Sialidose normosomática
06/02/1975,Transtorno do metabolismo da bilirrubina
06/03/1975,Síndrome de icterícia colestática aguda
06/04/1975,Síndrome de icterícia colestática crônica
06/05/1975,Colestase da gravidez
06/06/1975,"Fragilidade da córnea Keratoglobus, esclera azul e hipermobilidade articular"
06/07/1975,Diabetes diabetes insipidus diprogênico
06/08/1975,Cisto uretral
06/09/1975,Transtorno do escroto
06/10/1975,Infertilidade devido a uma parada espermatogênica completa
06/11/1975,Infertilidade devido a uma parada espermatogênica incompleta
06/12/1975,Cisto endometrial do ovário
06/01/1976,Endometriose implantada
06/02/1976,Deciduomatose
06/03/1976,Endosalpingiose
06/04/1976,Endometriose do colo do útero
06/05/1976,Endometriose de paramétrio
06/06/1976,Endometriose de amplo ligamento
06/07/1976,Endometriose do ligamento redondo
06/08/1976,Endometriose do beco sem saída
06/09/1976,Endometriose do septo retovaginal
06/10/1976,Endometriose da vagina
06/11/1976,Endometriose da vulva
06/12/1976,Endometriose do apêndice
06/01/1977,Endometriose do cólon
06/02/1977,Endometriose do reto
06/03/1977,Endometriose da bexiga
06/04/1977,Endometriose do pulmão
06/05/1977,Endometriose de umbilo
06/06/1977,Transtorno não inflamatório dos órgãos genitais femininos
06/07/1977,Cisto de tubo de falópio
06/08/1977,Cisto de amplo ligamento
06/09/1977,Cisto do útero
06/10/1977,Cisto de vulva
06/11/1977,Induração da mama
06/12/1977,Oligúria após gravidez molar e/ou ectópica
06/01/1978,Eclampsia adicionada à hipertensão pré-existente
06/02/1978,Hiperemese gravidarum antes do final de 22 semanas de gestação com depleção de carboidratos
06/03/1978,Hiperemese gravidarum antes do final da gestação de 22 semanas com desidratação
06/04/1978,Hiperemese gravidarum antes do final de 22 semanas de gestação com desequilíbrio eletrolítico
06/05/1978,Trabalho discoordinado
06/06/1978,Transtorno do peito associado ao parto
06/07/1978,Ataques cianóticos perinatais
06/08/1978,Destesso respiratório perinatal
06/09/1978,Icterícia fetal ou neonatal não especificada
06/10/1978,Síndrome de Lucey-Driscoll
06/11/1978,Icterícia perinatal de causas classificadas em outros lugares
06/12/1978,Diurnal apenas enurese
06/01/1979,Síndrome de exaustão neuromuscular generalizada
06/02/1979,Síndrome de Hipotermia-Weating
06/03/1979,Síndrome do lobo parietal de afasia-esquerda
06/04/1979,Tremor essencial
06/05/1979,Mioclonia essencial familiar
06/06/1979,Atetose dupla
06/07/1979,Ataxia cerebelar-marrom-marrom
06/08/1979,Síndrome de Nothnagel
06/09/1979,Atetose pós -completa
06/10/1979,Atetose com rigidez
06/11/1979,Atetose com paraplegia espástica
06/12/1979,Síndrome paralítica
06/01/1980,Hemiplegia facial
06/02/1980,Hemiparesia facial
06/03/1980,Paralisia cerebral hemiplégica
06/04/1980,Espasticidade neonatal letal
06/05/1980,Síndrome espástica
06/06/1980,Apreensão cursiva
06/07/1980,Convulsão gelástica
06/08/1980,Retropulsão Petit mal
06/09/1980,Epilepsia centrencefálica
06/10/1980,Petit Mal Status
06/11/1980,Epilepsia visual
06/12/1980,Epilepsia visceral
06/01/1981,Crises epilépticas não classificadas
06/02/1981,Convulsão parcial simples com disfunção sensorial somatossensorial ou especial
06/03/1981,Convulsão parcial simples com sintomas sensoriais especiais
06/04/1981,Automatismo epiléptico
06/05/1981,Secundariamente convulsões generalizadas
06/06/1981,Ataque epiléptico
06/07/1981,Epilepsia focal benigna da infância
06/08/1981,Epilepsia extratemporal
06/09/1981,Epilepsia generalizada idiopática
06/10/1981,Convulsões neonatais benignas
06/11/1981,Epilepsia mioclônica juvenil
06/12/1981,Epilepsia generalizada sintomática
06/01/1982,Encefalopatia mioclônica inicial (desordem)
06/02/1982,Epilepsia do reflexo
06/03/1982,Enxaqueca abdominal
06/04/1982,Meia enxaqueca inferior
06/05/1982,Enxaqueca basilar
06/06/1982,Enxaqueca da retina
06/07/1982,Enxaqueca hemiplégica
06/08/1982,Miokimia facial
06/09/1982,Hemiplegia hipoglossal alternada
06/10/1982,Myotonia ACCISITA
06/11/1982,Síndrome do bebê de disquete
06/12/1982,Degeneração cerebelar juvenil e mioclonia
06/01/1983,Transtorno mal definido do olho
06/02/1983,Pseudocista de retina
06/03/1983,Desbotamento concêntrico do campo visual
06/04/1983,Poliopia refrativa
06/05/1983,Nível de redução de redução de ambos os olhos
06/06/1983,Cegueira de um olho
06/07/1983,Anestesia da córnea
06/08/1983,Blefarofimose adquirida
06/09/1983,Nistagmo pendular
06/10/1983,Liquifação vítrea
06/11/1983,Otite difusa externa
06/12/1983,Síndrome vertiginosa
06/01/1984,Labiríntite difusa
06/02/1984,Diplacusia desarmônica
06/03/1984,Eco diplacusis
06/04/1984,Recrutamento
06/05/1984,Síndrome do ângulo da cerebelopontina
06/06/1984,Virilização isossexual
06/07/1984,Myxedema adulto
06/08/1984,Anemia devido à fome
06/09/1984,Hemoglobinopatia com cianose
06/10/1984,Doença de Stokvis
06/11/1984,Eritema frio associado à crioglobulina
06/12/1984,Eritema frio associado a aglutininas frias
06/01/1985,Eritema frio associado a hemolisinas
06/02/1985,Tag tonsilar
06/03/1985,Cisto esplênico
06/04/1985,Reação de transfusão urticária
06/05/1985,Doença infecciosa enantial
06/06/1985,Pintid
06/07/1985,Placas eritematosas de pinta
06/08/1985,Goma sifilítica do sistema nervoso central
06/09/1985,Disenteria de inverno bovino
06/10/1985,Guinadas gumma de osso
06/11/1985,Osteite gummatous de guinada
06/12/1985,Periostite gummatous de guinadas
06/01/1986,Juxta-articular dos nódulos
06/02/1986,Diarréia da panturrilha neonatal
06/03/1986,Doença diarréica epidêmica de camundongo infantil
06/04/1986,Diarréia coronaviral da panturrilha
06/05/1986,Dispnéia associada à AIDS
06/06/1986,AIDS com fadiga
06/07/1986,Ajuda com hepatomegalia
06/08/1986,Ajuda com mal -estar
06/09/1986,Coccidioidomicose com eritema multiforme
06/10/1986,Esporotricose cutânea
06/11/1986,Mialgia cervical epidêmica
06/12/1986,Diarréia disentérica
06/01/1987,Diarréia epidêmica
06/02/1987,Diarréia do viajante
06/03/1987,Bradylalia
06/04/1987,Hemiplegia alternada
06/05/1987,Hemiparesia cruzada
06/06/1987,Hemiplegia cerebral
06/07/1987,Hemiplegia da coluna vertebral
06/08/1987,Hemiparesia cerebral
06/09/1987,Hemiparesia espinhal
06/10/1987,Reflexo cruzado
06/11/1987,Extinção sensorial
06/12/1987,Ataxia estática
06/01/1988,Amorfosíntese
06/02/1988,Longa apreensão atônica
06/03/1988,Apreensão Akinética sem atonia
06/04/1988,Convulsão visual
06/05/1988,Convulsão sensível ao padrão
06/06/1988,Apreensão gustativa
06/07/1988,Lendo convulsão
06/08/1988,Apreensão parcial do movimento
06/09/1988,Apreensão parcial de sobressalto
06/10/1988,Convulsão abdominal
06/11/1988,Convulsão musicalgênica
06/12/1988,Apreensão parcial com consciência prejudicada
06/01/1989,Apreensão parcial ideacional
06/02/1989,Apreensão parcial com ilusões e alucinações
06/03/1989,Convulsão parcial com vários sintomas
06/04/1989,Astenopia muscular
06/05/1989,Astenopia nervosa
06/06/1989,Inchaço do músculo esquelético
06/07/1989,Reticulóide actínico
06/08/1989,Livido idiopático reticular com envolvimento sistêmico
06/09/1989,Reação de hipersensibilidade mediada pelo complexo imune
06/10/1989,Hallucinose do álcool
06/11/1989,Insuficiência vascular crônica do intestino
06/12/1989,Diarréia da colina
06/01/1990,Síndrome pós-vgotomia
06/02/1990,Endometriose externa
06/03/1990,Convulsões de início generalizado
06/04/1990,Grand Mal Status
06/05/1990,Hiperplasia linfóide
06/06/1990,Ataxia cerebelar aguda devido a varicela
06/07/1990,Disfasia progressiva de não alzheimer
06/08/1990,Síndrome de Sandifer
06/09/1990,Epilepsia mioclônica idiopática
06/10/1990,Epilepsia mioclônica sintomática
06/11/1990,Enxaqueca sem aura
06/12/1990,Enxaqueca oftálmica
06/01/1991,Enxaqueca com aura prolongada
06/02/1991,Enxaqueca hemiplégica familiar
06/03/1991,Enxaqueca hemiplégica não familiar
06/04/1991,Aura da enxaqueca sem dor de cabeça
06/05/1991,Status migrainoSus
06/06/1991,Enxaqueca com complicação isquêmica
06/07/1991,Ciclo reverso do sono-vigília
06/08/1991,Oftalmoplegia nuclear congênito
06/09/1991,Neuralgia da laringe superior
06/10/1991,Neuralgia intercostal pós-herpética
06/11/1991,Sintomas psicogênicos do trato geniturinário
06/12/1991,Keratoconjuntivite estromal difusa
06/01/1992,Maculopatia diabética
06/02/1992,Retinopatia diabética pré -proliferativa
06/03/1992,Anomalia de Sistema de Vergência
06/04/1992,Defeito de aluno aferente relativo
06/05/1992,Visão parcial - ambos os olhos
06/06/1992,"Olhos melhores: deficiência visual grave, olho menor: baixa visão não especificada"
06/07/1992,Cisto de cavidade nasal
06/08/1992,Hematoma septal nasal
06/09/1992,Endometriose da pleura
06/10/1992,Edema pulmonar agudo induzido por drogas
06/11/1992,Edema pulmonar tóxico
06/12/1992,Edema pulmonar induzido por produtos químicos
06/01/1993,Edema pulmonar induzido por oxigênio
06/02/1993,Síndrome de adenopatia hilar bilateral
06/03/1993,Cisto broncogênico infectado
06/04/1993,Angina estável
06/05/1993,Nova angina de início
06/06/1993,Hemangiomatose capilar pulmonar
06/07/1993,Simples fraco
06/08/1993,Síncope mediada por neuralmente
06/09/1993,Síndrome vasovagal maligna
06/10/1993,Síndrome vasovagal idosa
06/11/1993,Síncope situacional
06/12/1993,Síncope de defecação
06/01/1994,Síncope deglutition
06/02/1994,Goma sifilítica da cavidade oral
06/03/1994,Candidíase eritematosa oral
06/04/1994,Outros distúrbios funcionais do intestino
06/05/1994,Hamartoma de estômago
06/06/1994,Intolerância alimentar nec
06/07/1994,Apêndice Massa
06/08/1994,Irrável Síndrome do intestino Variante da infância com constipação
06/09/1994,Verrugas vulvalos
06/10/1994,Endometriose do miométrio
06/11/1994,Eclâmpsia em trabalho de parto
06/12/1994,Infecção por mamilo
06/01/1995,Virilização induzida por drogas
06/02/1995,Doença sistêmica grave desperdiçando tecido
06/03/1995,Desperdício de músculo esquelético induzido por doenças sistêmicas graves
06/04/1995,Transtorno de gás sanguíneo
06/05/1995,Macula Cerulea
06/06/1995,Urticária dermatográfica
06/07/1995,Arterite de células gigantes com polimialgia reumatica
06/08/1995,Síndrome do arco doloroso
06/09/1995,Gânglio do tornozelo
06/10/1995,Algodistrofia do pé
06/11/1995,Algodistrofia do joelho
06/12/1995,Algodistrofia da mão
06/01/1996,ERYTHEMA NODOSUM LEPROSUM
06/02/1996,Sífilida macular
06/03/1996,Sífilida pustular
06/04/1996,Neurossífilis gummatous
06/05/1996,Verrugas anal
06/06/1996,Verrugas perianas
06/07/1996,Donovanose - lesão inguinal
06/08/1996,Caquexia associada à AIDS
06/09/1996,Lesões da pele achromic de pinta
06/10/1996,Cisto de feohifomicótico subcutâneo
06/11/1996,Granuloma esquistossômico hepático
06/12/1996,Espasmo horizontal do olhar
06/01/1997,Cisto pleuropericardial
06/02/1997,Hematoma do fígado
06/03/1997,Pé espástico
06/04/1997,Epilepsia psicossensorial
06/05/1997,Epilepsia somatossensorial
06/06/1997,"Neuralgia, neurite ou radiculite nos"
06/07/1997,Sphincter Ani incontinência
06/08/1997,Outra perturbação visual psicofísica
06/09/1997,Outras arritmias cardíacas especificadas
06/10/1997,Outras doenças especificadas do esôfago
06/11/1997,Outras doenças especificadas de ânus e reto
06/12/1997,Outro Transtorno do Fígado Especificado Nos
06/01/1998,Insônia não orgânica
06/02/1998,Sepse umbilical
06/03/1998,Sangue aspirado no trato respiratório inferior
06/04/1998,Neuralgia hipoglossal
06/05/1998,Amaurose
06/06/1998,Síndrome da tensão pré -menstrual
06/07/1998,Oftalmoplegia dolorosa
06/08/1998,Akathisia
06/09/1998,Acrodermatite continua
06/10/1998,Hemiplegia infantil
06/11/1998,Nível de comprometimento: melhor olho: comprometimento moderado: menor olho: não mais especificado
06/12/1998,Movimento involuntário anormal
06/01/1999,Síndrome de Rasmussen
06/02/1999,Ataxia cerebelar de início precoce
06/03/1999,Ataxia cerebelar de início tardio
06/04/1999,Distúrbio que se apresenta principalmente com corea
06/05/1999,Coreoattose cinesiogênica
06/06/1999,Distonia cervical isolada
06/07/1999,Blefaroespasmo isolado
06/08/1999,Tremor de cabeça isolada
06/09/1999,Tremor facial isolado
06/10/1999,Tremor vocal isolado
06/11/1999,Tremor familiar benigno
06/12/1999,Outro mioclono especificado
06/01/2000,Mioclonia sintomática
06/02/2000,Mioclonia pós-anóxico
06/03/2000,Mioclono do cordão segmentar
06/04/2000,Mioclonia do tipo palatal
06/05/2000,Mioclonia hióide
06/06/2000,Síndrome de Opsoclonus-Myoclonus
06/07/2000,Encefalopatia amilóide secundária
06/08/2000,Epilepsia parcial com sintomas autonômicos
06/09/2000,Epilepsia frontal benigna da infância
06/10/2000,Epilepsia psicomotora benigna da infância
06/11/2000,Epilepsia parcial atípica benigna na infância
06/12/2000,Epilepsia com convulsões unilaterais recorrentes em crianças
06/01/2001,Epilepsia infantil com paroxismos occipitais
06/02/2001,Epilepsia occipital benigna da infância - variante de início precoce
06/03/2001,Epilepsia occipital benigna da infância - variante de início tardio
06/04/2001,Epilepsia de leitura herdada primária
06/05/2001,Epilepsia amígdalo-hipocampo
06/06/2001,Epilepsia límbica mesiobasal
06/07/2001,Epilepsia de Rhininfálica
06/08/2001,Epilepsia temporal lateral
06/09/2001,Epilepsia do motor suplementar
06/10/2001,Epilepsia cingulada
06/11/2001,Epilepsia dorsolateral
06/12/2001,Epilepsia opercular
06/01/2002,Síndrome de Kozhevnikow não progressiva
06/02/2002,Epilepsia do lobo parietal
06/03/2002,Epilepsia do lobo occipital
06/04/2002,Epilepsia progressiva crônica parcialis continua
06/05/2002,Convulsões neonatais não familiares benignas
06/06/2002,Epilepsia mioclônica da primeira infância
06/07/2002,Epilepsia com Grand Mal convulsões no despertar
06/08/2002,Síndrome do oeste criptogênico
06/09/2002,Síndrome do oeste sintomático
06/10/2002,Síndrome de Lennox-Gastaut criptogênica
06/11/2002,Síndrome de Lennox-Gastaut sintomática
06/12/2002,Epilepsia astática mioclônica
06/01/2003,Epilepsia de ausência mioclônica
06/02/2003,Encefalopatia epiléptica infantil inicial com explosões de supressão
06/03/2003,Epilepsia com onda contínua de pico durante o sono de ondas lentas
06/04/2003,Epilepsia de leitura secundária
06/05/2003,Epilepsia induzida por drogas
06/06/2003,Epilepsia de retirada de narcóticos
06/07/2003,Epilepsia menstrual
06/08/2003,Epilepsia noturna
06/09/2003,Epilepsia fotogênica
06/10/2003,Mioclonia da pálpebra com ausências
06/11/2003,Escrevendo epilepsia
06/12/2003,Epilepsia tátil
06/01/2004,Comer epilepsia
06/02/2004,Tocando epilepsia
06/03/2004,Epilepsia de escova de dentes
06/04/2004,Epilepsia de tomada de decisão
06/05/2004,Epilepsia aquagênica
06/06/2004,Status não conversivo epilepticus com três por segundo onda de pico
06/07/2004,Status não conversivo epilepticus sem três por segundo onda de pico
06/08/2004,Status parcial simples não-convulsivo epiléptico
06/09/2004,Status parcial complexo epilepticus
06/10/2004,Transtorno da dor de cabeça
06/11/2004,Dor de cabeça muscular
06/12/2004,Dor de cabeça do tipo tensão episódica
06/01/2005,Dor de cabeça crônica do tipo tensão
06/02/2005,Dor de cabeça de cluster episódica
06/03/2005,Dor de cabeça crônica de cluster sem demissão do início
06/04/2005,A dor de cabeça de cluster crônica evoluiu da dor de cabeça do cluster episódico
06/05/2005,Hemicrania paroxística crônica
06/06/2005,Dor de cabeça atípica de cluster
06/07/2005,Dor de cabeça pós-traumática crônica (desordem)
06/08/2005,Dor de cabeça de baixa pressão
06/09/2005,Dor de cabeça devido à exposição a frio
06/10/2005,Dor de cabeça associada ao abuso de substâncias ou retirada
06/11/2005,Insônia persistente
06/12/2005,Hipersomnia persistente
06/01/2006,Padrão irregular de vigília do sono
06/02/2006,Bruxismo relacionado ao sono
06/03/2006,Ereções dolorosas relacionadas ao sono
06/04/2006,Neuralgia trigêmea idiopática
06/05/2006,Neuralgia trigêmea secundária
06/06/2006,Síndrome do cluster
06/07/2006,Neuropatia diabética dolorosa aguda
06/08/2006,Polineuropatia dolorosa aguda diabética
06/09/2006,Distúrbios dos neurônios espinhais manifestos pela hiperatividade
06/10/2006,Hemiparesia atáxica lacunar
06/11/2006,Ataxia não progressiva congênita
06/12/2006,Síndrome de Dyquestrium (Transtorno)
06/01/2007,Disfasia receptiva congênita
06/02/2007,Media de otite sanguínea aguda
06/03/2007,Otite média com efusão - sanguínea
06/04/2007,Vertigem migrainosa
06/05/2007,Vertigem recorrente benigna
06/06/2007,Vertigem recorrente episódica
06/07/2007,Espasmo faríngeo
06/08/2007,Edema pulmonar cardíaco agudo
06/09/2007,Coloração dentária posterrupta devido a drogas
06/10/2007,Tatuagem de amálgama
06/11/2007,Neuropatia visceral oca
06/12/2007,Hiperbilirrubinemia - conjugado - tipo III
06/01/2008,Constipação - funcional
06/02/2008,Transtorno do ureter
06/03/2008,Enurese primária não orgânica
06/04/2008,Enurese secundária não orgânica
06/05/2008,Distúrbios sintomáticos do trato urinário
06/06/2008,Endometriose fora da pélvis
06/07/2008,Transtorno da perimenopausa
06/08/2008,Neurite periférica na gravidez
06/09/2008,Hiperemese gravidarum com perturbação metabólica - não entregue
06/10/2008,Hiperemese gravidarum com perturbação metabólica
06/11/2008,Hiperemese leve-não entregue
06/12/2008,Deliveruções de hiperemese leve
06/01/2009,"Ingurgitamento da mama na gravidez, puerperium ou lactação com complicação pré -natal"
06/02/2009,Transtorno do mamilo
06/03/2009,Outras condições prurigíticas nos
06/04/2009,Infecção local Skin/Subcut Tissue nos (distúrbios)
06/05/2009,Intertrigo estafilocócico
06/06/2009,Intertrigo estreptocócico
06/07/2009,Dermatite atópica pruriginosa
06/08/2009,PRURIGO SUBACUTO
06/09/2009,Prurigo crônico
06/10/2009,PRURIGO DERMOGRÁFICO
06/11/2009,Purigo Pigmentosa
06/12/2009,Psoríase palmaris
06/01/2010,Psoríase plantaris
06/02/2010,Prurido aquagênico
06/03/2010,Eritrose peribuccal pigmentada de Brocq
06/04/2010,Livido idiopático reticularis
06/05/2010,Livido idiopático reticular com ulceração de inverno
06/06/2010,Livido idiopático reticular com ulceração de verão
06/07/2010,Eritema papulatum
06/08/2010,Eritema tuberculatum
06/09/2010,Eritema urticatum
06/10/2010,Eritema vesiculosum
06/11/2010,Outro eritema esfoliativo
06/12/2010,Outras condições eritematosas Nos
06/01/2011,Eritema tóxico urticado
06/02/2011,Eritema não bulloso multiforme
06/03/2011,Eritema multiforme de gravidez
06/04/2011,Distúrbios de colágeno e tecido elástico que afetam a pele
06/05/2011,Lipogranulomatose Subcutanea de Rothmann e Makai
06/06/2011,Transtorno da pele de umbilo
06/07/2011,Transtorno do couro cabeludo
06/08/2011,Erupção de drogas psoriasiformes
06/09/2011,Eritroderma induzida por drogas
06/10/2011,Pigmentação induzida por drogas
06/11/2011,Síndrome de Kohlschutter
06/12/2011,Dermatopatia pigmentosa reticularis
06/01/2012,Prurigo da gravidez
06/02/2012,Síndrome da dor pós-timoracotomia
06/03/2012,Transtorno do expansor de tecido
06/04/2012,"Transtorno articular Nos, de tornozelo e pé"
06/05/2012,"Derranamentação articular Nos, do tornozelo e pé"
06/06/2012,Sinovite vilonodular de articulação interfalângica distal do dedo
06/07/2012,Sinovite vilonodular da articulação interfalângica proximal do dedo
06/08/2012,Sinovite vilonodular da articulação metacarpofalângica
06/09/2012,Síndrome do polegar de estalamento
06/10/2012,Fibrosite e fascite nodular
06/11/2012,Miopatia com hipotrofia do tipo I
06/12/2012,Miosite infecciosa-pé
06/01/2013,Milgia viral
06/02/2013,Bebê grunhindo
06/03/2013,Intertigo SubMamario
06/04/2013,Exaustão - fisiológica
06/05/2013,Convulsão versiva
06/06/2013,Apreensão olfativa (desordem)
06/07/2013,Vertigem epiléptica
06/08/2013,Convulsão disminária
06/09/2013,Heteroforia incomitante
06/10/2013,Olhando (descobriu)
06/11/2013,Dor lombar mecânica
06/12/2013,Dor nas articulações da faceta
06/01/2014,Síndrome de Gluteal
06/02/2014,Transtorno da dor neurológica
06/03/2014,Neuralgia perineal
06/04/2014,Neuralgia do nervo iliohypogástrico
06/05/2014,Espasmo doloroso do ânus
06/06/2014,Síndrome de Diogenes
06/07/2014,Palmias do fígado
06/08/2014,Desejo urgente de fezes
06/09/2014,Torticollis reumático
06/10/2014,Tetraplegia espástica
06/11/2014,Articulação metacarpofalânica dura NEC
06/12/2014,Síndrome do empurrador
06/01/2015,Transtorno da marcha sensório -motor de baixo nível
06/02/2015,Distúrbio sensório -motor de alto nível
06/03/2015,Encefalopatia mioclônica
06/04/2015,Epilepsia do reflexo visual
06/05/2015,Neuropatia
06/06/2015,Granulomas hepáticos em beryliose
06/07/2015,Eritema marginatum na febre reumática aguda
06/08/2015,"Perda auditiva neurossensorial, bilateral"
06/09/2015,Lumbago com ciática
06/10/2015,Sintomas de retirada neonatal do uso materno de drogas de dependência
06/11/2015,Retirada Sintomas do uso terapêutico de drogas em recém -nascido
06/12/2015,Comprometimento da produção de voz
06/01/2016,Comprometimento da forma de fala
06/02/2016,Transtorno da fluência
06/03/2016,Disfluência
06/04/2016,Aphonia hipercinética
06/05/2016,Afonia hipofuncional
06/06/2016,Aphonia hiperfuncional
06/07/2016,Transtorno cognitivo relacionado à linguagem
06/08/2016,Disgraphia profunda
06/09/2016,Disgraphia fonológica
06/10/2016,Disgrafia superficial
06/11/2016,Dispraxia oral-verbal
06/12/2016,Dispraxia coreiforme adquirida
06/01/2017,Dispraxia de Velofaringe
06/02/2017,Dispraxia velar
06/03/2017,Sistema de som restrito
06/04/2017,Velofaríngeo Misarnando
06/05/2017,Síndrome de Benedikt
06/06/2017,Snuffles em recém -nascido
06/07/2017,Transtorno neurológico perinatal
06/08/2017,Quinto dia se encaixa
06/09/2017,Transtorno envolvendo o tegumento do feto ou recém -nascido
06/10/2017,Nistagmo posicional central
06/11/2017,Eritema anular neonatal
06/12/2017,"Hiperidrose, cáries prematuras e aplasia pré -molar"
06/01/2018,Dor lombar crônica
06/02/2018,Dor de cabeça cervicogênica
06/03/2018,Síndrome da artéria mamária interna
06/04/2018,Síndrome complexa de dor regional
06/05/2018,Neuralgia do NERVUS INTERMEDIUS
06/06/2018,Síndrome de Piriforme
06/07/2018,Dor da articulação da faceta lombar
06/08/2018,Transtorno de tecido mole de cavidade corporal
06/09/2018,Transtorno do tecido mole do porta -malas
06/10/2018,Melasma induzido por drogas
06/11/2018,Epilepsia idiopática relacionada à localização
06/12/2018,Epilepsia sintomática relacionada à localização
06/01/2019,Epilepsia sintomática relacionada à localização com precipitante específico
06/02/2019,Epilepsia criptogênica relacionada à localização
06/03/2019,Epilepsia generalizada criptogênica
06/04/2019,Epilepsia indeterminada seja focal ou generalizada
06/05/2019,Hiperbilirrubinemia fisiológica
06/06/2019,Diarréia Prototheca
06/07/2019,Diarréia da criança
06/08/2019,Diarréia prolongada
06/09/2019,Hematoma perineal
06/10/2019,Cloridorréia neonatal
06/11/2019,Hemoptise perinatal
06/12/2019,Cromatopsia
06/01/2020,Edema da córnea devido ao uso de lentes de contato
06/02/2020,Relacionada à localização (focal) (parcial) epilepsia idiopática e síndromes epilépticas com convulsões de início localizado
06/03/2020,Dor de cabeça na espinhal obstétrica e epidural induzida por anestesia
06/04/2020,Síndrome pós-viral
06/05/2020,Outras doenças especificadas do sistema urinário
06/06/2020,Outras condições especificadas do tegumento específicas para feto e recém -nascido
06/07/2020,Distúrbio do ouvido interno
06/08/2020,(Hemiplegia) ou (Hemiparesia)
06/09/2020,Eritema simplex
06/10/2020,Criança desajeitada
06/11/2020,Fosfeno de acomodação
06/12/2020,Síndrome da fibromialgia primária
06/01/2021,Enxaqueca de confusão aguda
06/02/2021,Síndrome de dor de cabeça mista crônica
06/03/2021,Hérnia do cérebro posterior dor de cabeça
06/04/2021,"Perda sensorial unilateral de rosto e tronco, lados opostos"
06/05/2021,Parestesia de Berger
06/06/2021,Cianose pulmonar
06/07/2021,Dor de cabeça de esforço benigno
06/08/2021,Dor de cabeça de uso excessivo analgésico
06/09/2021,Dor de raiz nervosa cervical
06/10/2021,Eritomelalgia secundária
06/11/2021,Prurido solar dos cotovelos
06/12/2021,Sporotricotic Gumma
06/01/2022,Amiloidose cutânea macular
06/02/2022,Salaam Spasm
06/03/2022,Síndrome de Hemiplegia-Hemiconvulsão-Epilepsia
06/04/2022,Eczema ateatótico
06/05/2022,Transtorno da pigmentação
06/06/2022,Coloração de dentes posterruptos
06/07/2022,Epilepsia parcial com comprometimento da consciência
06/08/2022,Transtorno miotônico
06/09/2022,Dor miofascial
06/10/2022,Transtorno da orofaringe
06/11/2022,Neuropatia do plexo lombossacro
06/12/2022,Endocardite bacteriana aguda e subaguda
06/01/2023,Azotemia pré -renal
06/02/2023,Prurido estivalis
06/03/2023,Infecção nasal
06/04/2023,Visão cega ou baixa - apenas um olho
06/05/2023,Candidíase da Web de dedos
06/06/2023,Maturação visual atrasada