Capitulo,SubCapitulo
Algumas doenças infecciosas e parasitárias (A00-B99),Doenças infecciosas intestinais (A00-A09)
Algumas doenças infecciosas e parasitárias (A00-B99),Tuberculose (A15-A19)
Algumas doenças infecciosas e parasitárias (A00-B99),Algumas doenças bacterianas zoonóticas (A20-A28)
Algumas doenças infecciosas e parasitárias (A00-B99),Outras doenças bacterianas (A30-A49)
Algumas doenças infecciosas e parasitárias (A00-B99),Infecções de transmissão predominantemente sexual (A50-A64)
Algumas doenças infecciosas e parasitárias (A00-B99),Outras doenças por espiroquetas (A65-A69)
Algumas doenças infecciosas e parasitárias (A00-B99),Outras doenças causadas por clamídias (A70-A74)
Algumas doenças infecciosas e parasitárias (A00-B99),Rickettsioses (A75-A79)
Algumas doenças infecciosas e parasitárias (A00-B99),Infecções virais do sistema nervoso central (A80-A89)
Algumas doenças infecciosas e parasitárias (A00-B99),Febres por arbovírus e febres hemorrágicas virais (A90-A99)
Algumas doenças infecciosas e parasitárias (A00-B99),Infecções virais caracterizadas por lesões de pele e mucosas (B00-B09)
Algumas doenças infecciosas e parasitárias (A00-B99),Hepatite viral (B15-B19)
Algumas doenças infecciosas e parasitárias (A00-B99),Doença pelo vírus da imunodeficiência humana [HIV] (B20-B24)
Algumas doenças infecciosas e parasitárias (A00-B99),Outras doenças por vírus (B25-B34)
Algumas doenças infecciosas e parasitárias (A00-B99),Micoses (B35-B49)
Algumas doenças infecciosas e parasitárias (A00-B99),Doenças devidas a protozoários (B50-B64)
Algumas doenças infecciosas e parasitárias (A00-B99),Helmintíases (B65-B83)
Algumas doenças infecciosas e parasitárias (A00-B99),"Pediculose, acaríase e outras infestações (B85-B89)"
Algumas doenças infecciosas e parasitárias (A00-B99),Seqüelas de doenças infecciosas e parasitárias (B90-B94)
Algumas doenças infecciosas e parasitárias (A00-B99),"Agentes de infecções bacterianas, virais e outros agentes infecciosos (B95-B97)"
Algumas doenças infecciosas e parasitárias (A00-B99),Outras doenças infecciosas (B99-B99)
Neoplasias [tumores] (C00-D48),Neoplasias [tumores] malignas(os) (C00-C97)
Neoplasias [tumores] (C00-D48),"Neoplasias [tumores] malignas(os), declaradas ou presumidas como primárias, de localizações especificadas, exceto dos tecidos linfático, hematopoético e tecidos correlatos (C00-C75)"
Neoplasias [tumores] (C00-D48),"Neoplasias malignas do lábio, cavidade oral e faringe (C00-C14)"
Neoplasias [tumores] (C00-D48),Neoplasias malignas dos órgãos digestivos (C15-C26)
Neoplasias [tumores] (C00-D48),Neoplasias malignas do aparelho respiratório e dos órgãos intratorácicos (C30-C39)
Neoplasias [tumores] (C00-D48),Neoplasias malignas dos ossos e das cartilagens articulares (C40-C41)
Neoplasias [tumores] (C00-D48),Melanoma e outras(os) neoplasias malignas da pele (C43-C44)
Neoplasias [tumores] (C00-D48),Neoplasias malignas do tecido mesotelial e tecidos moles (C45-C49)
Neoplasias [tumores] (C00-D48),Neoplasias malignas da mama (C50-C50)
Neoplasias [tumores] (C00-D48),Neoplasias malignas dos órgãos genitais femininos (C51-C58)
Neoplasias [tumores] (C00-D48),Neoplasias malignas dos órgãos genitais masculinos (C60-C63)
Neoplasias [tumores] (C00-D48),Neoplasias malignas do trato urinário (C64-C68)
Neoplasias [tumores] (C00-D48),"Neoplasias malignas dos olhos, do encéfalo e de outras partes do sistema nervoso central (C69-C72)"
Neoplasias [tumores] (C00-D48),Neoplasias malignas da tireóide e de outras glândulas endócrinas (C73-C75)
Neoplasias [tumores] (C00-D48),"Neoplasias malignas de localizações mal definidas, secundárias e de localizações não especificadas (C76-C80)"
Neoplasias [tumores] (C00-D48),"Neoplasias [tumores] malignas(os), declaradas ou presumidas como primárias, dos tecidos linfático, hematopoético e tecidos correlatos (C81-C96)"
Neoplasias [tumores] (C00-D48),Neoplasias malignas de localizações múltiplas independentes (primárias) (C97-C97)
Neoplasias [tumores] (C00-D48),Neoplasias [tumores] in situ (D00-D09)
Neoplasias [tumores] (C00-D48),Neoplasias [tumores] benignas(os) (D10-D36)
Neoplasias [tumores] (C00-D48),Neoplasias [tumores] de comportamento incerto ou desconhecido (D37-D48)
Doenças do sangue e dos órgãos hematopoéticos e alguns transtornos imunitários (D50-D89),Anemias nutricionais (D50-D53)
Doenças do sangue e dos órgãos hematopoéticos e alguns transtornos imunitários (D50-D89),Anemias hemolíticas (D55-D59)
Doenças do sangue e dos órgãos hematopoéticos e alguns transtornos imunitários (D50-D89),Anemias aplásticas e outras anemias (D60-D64)
Doenças do sangue e dos órgãos hematopoéticos e alguns transtornos imunitários (D50-D89),"Defeitos da coagulação, púrpura e outras afecções hemorrágicas (D65-D69)"
Doenças do sangue e dos órgãos hematopoéticos e alguns transtornos imunitários (D50-D89),Outras doenças do sangue e dos órgãos hematopoéticos (D70-D77)
Doenças do sangue e dos órgãos hematopoéticos e alguns transtornos imunitários (D50-D89),Alguns transtornos que comprometem o mecanismo imunitário (D80-D89)
"Doenças endócrinas, nutricionais e metabólicas (E00-E90)",Transtornos da glândula tireóide (E00-E07)
"Doenças endócrinas, nutricionais e metabólicas (E00-E90)",Diabetes mellitus (E10-E14)
"Doenças endócrinas, nutricionais e metabólicas (E00-E90)",Outros transtornos da regulação da glicose e da secreção pancreática interna (E15-E16)
"Doenças endócrinas, nutricionais e metabólicas (E00-E90)",Transtornos de outras glândulas endócrinas (E20-E35)
"Doenças endócrinas, nutricionais e metabólicas (E00-E90)",Desnutrição (E40-E46)
"Doenças endócrinas, nutricionais e metabólicas (E00-E90)",Outras deficiências nutricionais (E50-E64)
"Doenças endócrinas, nutricionais e metabólicas (E00-E90)",Obesidade e outras formas de hiperalimentação (E65-E68)
"Doenças endócrinas, nutricionais e metabólicas (E00-E90)",Distúrbios metabólicos (E70-E90)
Transtornos mentais e comportamentais (F00-F99),"Transtornos mentais orgânicos, inclusive os sintomáticos (F00-F09)"
Transtornos mentais e comportamentais (F00-F99),Transtornos mentais e comportamentais devidos ao uso de substância psicoativa (F10-F19)
Transtornos mentais e comportamentais (F00-F99),"Esquizofrenia, transtornos esquizotípicos e transtornos delirantes (F20-F29)"
Transtornos mentais e comportamentais (F00-F99),Transtornos do humor [afetivos] (F30-F39)
Transtornos mentais e comportamentais (F00-F99),"Transtornos neuróticos, transtornos relacionados com o ""stress"" e transtornos somatoformes (F40-F48)"
Transtornos mentais e comportamentais (F00-F99),Síndromes comportamentais associadas a disfunções fisiológicas e a fatores físicos (F50-F59)
Transtornos mentais e comportamentais (F00-F99),Transtornos da personalidade e do comportamento do adulto (F60-F69)
Transtornos mentais e comportamentais (F00-F99),Retardo mental (F70-F79)
Transtornos mentais e comportamentais (F00-F99),Transtornos do desenvolvimento psicológico (F80-F89)
Transtornos mentais e comportamentais (F00-F99),Transtornos do comportamento e transtornos emocionais que aparecem habitualmente durante a infância ou a adolescência (F90-F98)
Transtornos mentais e comportamentais (F00-F99),Transtorno mental não especificado (F99-F99)
Doenças do sistema nervoso (G00-G99),Doenças inflamatórias do sistema nervoso central (G00-G09)
Doenças do sistema nervoso (G00-G99),Atrofias sistêmicas que afetam principalmente o sistema nervoso central (G10-G13)
Doenças do sistema nervoso (G00-G99),Doenças extrapiramidais e transtornos dos movimentos (G20-G26)
Doenças do sistema nervoso (G00-G99),Outras doenças degenerativas do sistema nervoso (G30-G32)
Doenças do sistema nervoso (G00-G99),Doenças desmielinizantes do sistema nervoso central (G35-G37)
Doenças do sistema nervoso (G00-G99),Transtornos episódicos e paroxísticos (G40-G47)
Doenças do sistema nervoso (G00-G99),"Transtornos dos nervos, das raízes e dos plexos nervosos (G50-G59)"
Doenças do sistema nervoso (G00-G99),Polineuropatias e outros transtornos do sistema nervoso periférico (G60-G64)
Doenças do sistema nervoso (G00-G99),Doenças da junção mioneural e dos músculos (G70-G73)
Doenças do sistema nervoso (G00-G99),Paralisia cerebral e outras síndromes paralíticas (G80-G83)
Doenças do sistema nervoso (G00-G99),Outros transtornos do sistema nervoso (G90-G99)
Doenças do olho e anexos (H00-H59),"Transtornos da pálpebra, do aparelho lacrimal e da órbita (H00-H06)"
Doenças do olho e anexos (H00-H59),Transtornos da conjuntiva (H10-H13)
Doenças do olho e anexos (H00-H59),"Transtornos da esclerótica, da córnea, da íris e do corpo ciliar (H15-H22)"
Doenças do olho e anexos (H00-H59),Transtornos do cristalino (H25-H28)
Doenças do olho e anexos (H00-H59),Transtornos da coróide e da retina (H30-H36)
Doenças do olho e anexos (H00-H59),Glaucoma (H40-H42)
Doenças do olho e anexos (H00-H59),Transtornos do humor vítreo e do globo ocular (H43-H45)
Doenças do olho e anexos (H00-H59),Transtornos do nervo óptico e das vias ópticas (H46-H48)
Doenças do olho e anexos (H00-H59),"Transtornos dos músculos oculares, do movimento binocular, da acomodação e da refração (H49-H52)"
Doenças do olho e anexos (H00-H59),Transtornos visuais e cegueira (H53-H54)
Doenças do olho e anexos (H00-H59),Outros transtornos do olho e anexos (H55-H59)
Doenças do ouvido e da apófise mastóide (H60-H95),Doenças do ouvido externo (H60-H62)
Doenças do ouvido e da apófise mastóide (H60-H95),Doenças do ouvido médio e da mastóide (H65-H75)
Doenças do ouvido e da apófise mastóide (H60-H95),Doenças do ouvido interno (H80-H83)
Doenças do ouvido e da apófise mastóide (H60-H95),Outros transtornos do ouvido (H90-H95)
Doenças do aparelho circulatório (I00-I99),Febre reumática aguda (I00-I02)
Doenças do aparelho circulatório (I00-I99),Doenças reumáticas crônicas do coração (I05-I09)
Doenças do aparelho circulatório (I00-I99),Doenças hipertensivas (I10-I15)
Doenças do aparelho circulatório (I00-I99),Doenças isquêmicas do coração (I20-I25)
Doenças do aparelho circulatório (I00-I99),Doenças cardíaca pulmonar e da circulação pulmonar (I26-I28)
Doenças do aparelho circulatório (I00-I99),Outras formas de doença do coração (I30-I52)
Doenças do aparelho circulatório (I00-I99),Doenças cerebrovasculares (I60-I69)
Doenças do aparelho circulatório (I00-I99),"Doenças das artérias, das arteríolas e dos capilares (I70-I79)"
Doenças do aparelho circulatório (I00-I99),"Doenças das veias, dos vasos linfáticos e dos gânglios linfáticos, não classificadas em outra parte (I80-I89)"
Doenças do aparelho circulatório (I00-I99),"Outros transtornos, e os não especificados do aparelho circulatório (I95-I99)"
Doenças do aparelho respiratório (J00-J99),Infecções agudas das vias aéreas superiores (J00-J06)
Doenças do aparelho respiratório (J00-J99),Influenza [gripe] e pneumonia (J09-J18)
Doenças do aparelho respiratório (J00-J99),Outras infecções agudas das vias aéreas inferiores (J20-J22)
Doenças do aparelho respiratório (J00-J99),Outras doenças das vias aéreas superiores (J30-J39)
Doenças do aparelho respiratório (J00-J99),Doenças crônicas das vias aéreas inferiores (J40-J47)
Doenças do aparelho respiratório (J00-J99),Doenças pulmonares devidas a agentes externos (J60-J70)
Doenças do aparelho respiratório (J00-J99),Outras doenças respiratórias que afetam principalmente o interstício (J80-J84)
Doenças do aparelho respiratório (J00-J99),Afecções necróticas e supurativas das vias aéreas inferiores (J85-J86)
Doenças do aparelho respiratório (J00-J99),Outras doenças da pleura (J90-J94)
Doenças do aparelho respiratório (J00-J99),Outras doenças do aparelho respiratório (J95-J99)
Doenças do aparelho digestivo (K00-K93),"Doenças da cavidade oral, das glândulas salivares e dos maxilares (K00-K14)"
Doenças do aparelho digestivo (K00-K93),"Doenças do esôfago, do estômago e do duodeno (K20-K31)"
Doenças do aparelho digestivo (K00-K93),Doenças do apêndice (K35-K38)
Doenças do aparelho digestivo (K00-K93),Hérnias (K40-K46)
Doenças do aparelho digestivo (K00-K93),Enterites e colites não-infecciosas (K50-K52)
Doenças do aparelho digestivo (K00-K93),Outras doenças dos intestinos (K55-K63)
Doenças do aparelho digestivo (K00-K93),Doenças do peritônio (K65-K67)
Doenças do aparelho digestivo (K00-K93),Doenças do fígado (K70-K77)
Doenças do aparelho digestivo (K00-K93),"Transtornos da vesícula biliar, das vias biliares e do pâncreas (K80-K87)"
Doenças do aparelho digestivo (K00-K93),Outras doenças do aparelho digestivo (K90-K93)
Doenças da pele e do tecido subcutâneo (L00-L99),Infecções da pele e do tecido subcutâneo (L00-L08)
Doenças da pele e do tecido subcutâneo (L00-L99),Afecções bolhosas (L10-L14)
Doenças da pele e do tecido subcutâneo (L00-L99),Dermatite e eczema (L20-L30)
Doenças da pele e do tecido subcutâneo (L00-L99),Afecções pápulo-descamativas (L40-L45)
Doenças da pele e do tecido subcutâneo (L00-L99),Urticária e eritema (L50-L54)
Doenças da pele e do tecido subcutâneo (L00-L99),Transtornos da pele e do tecido subcutâneo relacionados com a radiação (L55-L59)
Doenças da pele e do tecido subcutâneo (L00-L99),Afecções dos anexos da pele (L60-L75)
Doenças da pele e do tecido subcutâneo (L00-L99),Outras afecções da pele e do tecido subcutâneo (L80-L99)
Doenças do sistema osteomuscular e do tecido conjuntivo (M00-M99),Artropatias (M00-M25)
Doenças do sistema osteomuscular e do tecido conjuntivo (M00-M99),Artropatias infecciosas (M00-M03)
Doenças do sistema osteomuscular e do tecido conjuntivo (M00-M99),Poliartropatias inflamatórias (M05-M14)
Doenças do sistema osteomuscular e do tecido conjuntivo (M00-M99),Artroses (M15-M19)
Doenças do sistema osteomuscular e do tecido conjuntivo (M00-M99),Outros transtornos articulares (M20-M25)
Doenças do sistema osteomuscular e do tecido conjuntivo (M00-M99),Doenças sistêmicas do tecido conjuntivo (M30-M36)
Doenças do sistema osteomuscular e do tecido conjuntivo (M00-M99),Dorsopatias (M40-M54)
Doenças do sistema osteomuscular e do tecido conjuntivo (M00-M99),Dorsopatias deformantes (M40-M43)
Doenças do sistema osteomuscular e do tecido conjuntivo (M00-M99),Espondilopatias (M45-M49)
Doenças do sistema osteomuscular e do tecido conjuntivo (M00-M99),Outras dorsopatias (M50-M54)
Doenças do sistema osteomuscular e do tecido conjuntivo (M00-M99),Transtornos dos tecidos moles (M60-M79)
Doenças do sistema osteomuscular e do tecido conjuntivo (M00-M99),Transtornos musculares (M60-M63)
Doenças do sistema osteomuscular e do tecido conjuntivo (M00-M99),Transtornos das sinóvias e dos tendões (M65-M68)
Doenças do sistema osteomuscular e do tecido conjuntivo (M00-M99),Outros transtornos dos tecidos moles (M70-M79)
Doenças do sistema osteomuscular e do tecido conjuntivo (M00-M99),Osteopatias e condropatias (M80-M94)
Doenças do sistema osteomuscular e do tecido conjuntivo (M00-M99),Transtornos da densidade e da estrutura óssea (M80-M85)
Doenças do sistema osteomuscular e do tecido conjuntivo (M00-M99),Outras osteopatias (M86-M90)
Doenças do sistema osteomuscular e do tecido conjuntivo (M00-M99),Condropatias (M91-M94)
Doenças do sistema osteomuscular e do tecido conjuntivo (M00-M99),Outros transtornos do sistema osteomuscular e do tecido conjuntivo (M95-M99)
Doenças do aparelho geniturinário (N00-N99),Doenças glomerulares (N00-N08)
Doenças do aparelho geniturinário (N00-N99),Doenças renais túbulo-intersticiais (N10-N16)
Doenças do aparelho geniturinário (N00-N99),Insuficiência renal (N17-N19)
Doenças do aparelho geniturinário (N00-N99),Calculose renal (N20-N23)
Doenças do aparelho geniturinário (N00-N99),Outros transtornos do rim e do ureter (N25-N29)
Doenças do aparelho geniturinário (N00-N99),Outras doenças do aparelho urinário (N30-N39)
Doenças do aparelho geniturinário (N00-N99),Doenças dos órgãos genitais masculinos (N40-N51)
Doenças do aparelho geniturinário (N00-N99),Doenças da mama (N60-N64)
Doenças do aparelho geniturinário (N00-N99),Doenças inflamatórias dos órgãos pélvicos femininos (N70-N77)
Doenças do aparelho geniturinário (N00-N99),Transtornos não-inflamatórios do trato genital feminino (N80-N98)
Doenças do aparelho geniturinário (N00-N99),Outros transtornos do aparelho geniturinário (N99-N99)
"Gravidez, parto e puerpério (O00-O99)",Gravidez que termina em aborto (O00-O08)
"Gravidez, parto e puerpério (O00-O99)","Edema, proteinúria e transtornos hipertensivos na gravidez, no parto e no puerpério (O10-O16)"
"Gravidez, parto e puerpério (O00-O99)",Outros transtornos maternos relacionados predominantemente com a gravidez (O20-O29)
"Gravidez, parto e puerpério (O00-O99)",Assistência prestada à mãe por motivos ligados ao feto e à cavidade amniótica e por possíveis problemas relativos ao parto (O30-O48)
"Gravidez, parto e puerpério (O00-O99)",Complicações do trabalho de parto e do parto (O60-O75)
"Gravidez, parto e puerpério (O00-O99)",Parto (O80-O84)
"Gravidez, parto e puerpério (O00-O99)",Complicações relacionadas predominantemente com o puerpério (O85-O92)
"Gravidez, parto e puerpério (O00-O99)",Outras afecções obstétricas não classificadas em outra parte (O94-O99)
Algumas afecções originadas no período perinatal (P00-P96),"Feto e recém-nascido afetados por fatores maternos e por complicações da gravidez, do trabalho de parto e do parto (P00-P04)"
Algumas afecções originadas no período perinatal (P00-P96),Transtornos relacionados com a duração da gestação e com o crescimento fetal (P05-P08)
Algumas afecções originadas no período perinatal (P00-P96),Traumatismo de parto (P10-P15)
Algumas afecções originadas no período perinatal (P00-P96),Transtornos respiratórios e cardiovasculares específicos do período perinatal (P20-P29)
Algumas afecções originadas no período perinatal (P00-P96),Infecções específicas do período perinatal (P35-P39)
Algumas afecções originadas no período perinatal (P00-P96),Transtornos hemorrágicos e hematológicos do feto e do recém-nascido (P50-P61)
Algumas afecções originadas no período perinatal (P00-P96),Transtornos endócrinos e metabólicos transitórios específicos do feto e do recém-nascido (P70-P74)
Algumas afecções originadas no período perinatal (P00-P96),Transtornos do aparelho digestivo do feto ou do recém-nascido (P75-P78)
Algumas afecções originadas no período perinatal (P00-P96),Afecções comprometendo o tegumento e a regulação térmica do feto e do recém-nascido (P80-P83)
Algumas afecções originadas no período perinatal (P00-P96),Outros transtornos originados no período perinatal (P90-P96)
"Malformações congênitas, deformidades e anomalias cromossômicas (Q00-Q99)",Malformações congênitas do sistema nervoso (Q00-Q07)
"Malformações congênitas, deformidades e anomalias cromossômicas (Q00-Q99)","Malformações congênitas do olho, do ouvido, da face e do pescoço (Q10-Q18)"
"Malformações congênitas, deformidades e anomalias cromossômicas (Q00-Q99)",Malformações congênitas do aparelho circulatório (Q20-Q28)
"Malformações congênitas, deformidades e anomalias cromossômicas (Q00-Q99)",Malformações congênitas do aparelho respiratório (Q30-Q34)
"Malformações congênitas, deformidades e anomalias cromossômicas (Q00-Q99)",Fenda labial e fenda palatina (Q35-Q37)
"Malformações congênitas, deformidades e anomalias cromossômicas (Q00-Q99)",Outras malformações congênitas do aparelho digestivo (Q38-Q45)
"Malformações congênitas, deformidades e anomalias cromossômicas (Q00-Q99)",Malformações congênitas dos órgãos genitais (Q50-Q56)
"Malformações congênitas, deformidades e anomalias cromossômicas (Q00-Q99)",Malformações congênitas do aparelho urinário (Q60-Q64)
"Malformações congênitas, deformidades e anomalias cromossômicas (Q00-Q99)",Malformações e deformidades congênitas do sistema osteomuscular (Q65-Q79)
"Malformações congênitas, deformidades e anomalias cromossômicas (Q00-Q99)",Outras malformações congênitas (Q80-Q89)
"Sintomas, sinais e achados anormais de exames clínicos e de laboratório, não classificados em outra parte (R00-R99)",Sintomas e sinais relativos ao aparelho circulatório e respiratório (R00-R09)
"Sintomas, sinais e achados anormais de exames clínicos e de laboratório, não classificados em outra parte (R00-R99)",Sintomas e sinais relativos ao aparelho digestivo e ao abdome (R10-R19)
"Sintomas, sinais e achados anormais de exames clínicos e de laboratório, não classificados em outra parte (R00-R99)",Sintomas e sinais relativos à pele e ao tecido subcutâneo (R20-R23)
"Sintomas, sinais e achados anormais de exames clínicos e de laboratório, não classificados em outra parte (R00-R99)",Sintomas e sinais relativos aos sistemas nervoso e osteomuscular (R25-R29)
"Sintomas, sinais e achados anormais de exames clínicos e de laboratório, não classificados em outra parte (R00-R99)",Sintomas e sinais relativos ao aparelho urinário (R30-R39)
"Sintomas, sinais e achados anormais de exames clínicos e de laboratório, não classificados em outra parte (R00-R99)","Sintomas e sinais relativos à cognição, à percepção, ao estado emocional e ao comportamento (R40-R46)"
"Sintomas, sinais e achados anormais de exames clínicos e de laboratório, não classificados em outra parte (R00-R99)",Sintomas e sinais relativos à fala e à voz (R47-R49)
"Sintomas, sinais e achados anormais de exames clínicos e de laboratório, não classificados em outra parte (R00-R99)",Sintomas e sinais gerais (R50-R69)
"Sintomas, sinais e achados anormais de exames clínicos e de laboratório, não classificados em outra parte (R00-R99)","Achados anormais de exames de sangue, sem diagnóstico (R70-R79)"
"Sintomas, sinais e achados anormais de exames clínicos e de laboratório, não classificados em outra parte (R00-R99)","Achados anormais de exames de urina, sem diagnóstico (R80-R82)"
"Sintomas, sinais e achados anormais de exames clínicos e de laboratório, não classificados em outra parte (R00-R99)","Achados anormais de exames e de outros líquidos, substâncias e tecidos do corpo, sem diagnóstico (R83-R89)"
"Sintomas, sinais e achados anormais de exames clínicos e de laboratório, não classificados em outra parte (R00-R99)","Achados anormais de exames para diagnóstico por imagem e em estudos de função, sem diagnóstico (R90-R94)"
"Sintomas, sinais e achados anormais de exames clínicos e de laboratório, não classificados em outra parte (R00-R99)",Causas mal definidas e desconhecidas de mortalidade (R95-R99)
"Lesões, envenenamento e algumas outras conseqüências de causas externas (S00-T98)",Traumatismos da cabeça (S00-S09)
"Lesões, envenenamento e algumas outras conseqüências de causas externas (S00-T98)",Traumatismos do pescoço (S10-S19)
"Lesões, envenenamento e algumas outras conseqüências de causas externas (S00-T98)",Traumatismos do tórax (S20-S29)
"Lesões, envenenamento e algumas outras conseqüências de causas externas (S00-T98)","Traumatismos do abdome, do dorso, da coluna lombar e da pelve (S30-S39)"
"Lesões, envenenamento e algumas outras conseqüências de causas externas (S00-T98)",Traumatismos do ombro e do braço (S40-S49)
"Lesões, envenenamento e algumas outras conseqüências de causas externas (S00-T98)",Traumatismos do cotovelo e do antebraço (S50-S59)
"Lesões, envenenamento e algumas outras conseqüências de causas externas (S00-T98)",Traumatismos do punho e da mão (S60-S69)
"Lesões, envenenamento e algumas outras conseqüências de causas externas (S00-T98)",Traumatismos do quadril e da coxa (S70-S79)
"Lesões, envenenamento e algumas outras conseqüências de causas externas (S00-T98)",Traumatismos do joelho e da perna (S80-S89)
"Lesões, envenenamento e algumas outras conseqüências de causas externas (S00-T98)",Traumatismos do tornozelo e do pé (S90-S99)
"Lesões, envenenamento e algumas outras conseqüências de causas externas (S00-T98)",Traumatismos envolvendo múltiplas regiões do corpo (T00-T07)
"Lesões, envenenamento e algumas outras conseqüências de causas externas (S00-T98)","Traumatismos de localização não especificada do tronco, membro ou outra região do corpo (T08-T14)"
"Lesões, envenenamento e algumas outras conseqüências de causas externas (S00-T98)",Efeito da penetração de corpo estranho através de orifício natural (T15-T19)
"Lesões, envenenamento e algumas outras conseqüências de causas externas (S00-T98)",Queimaduras e corrosões (T20-T32)
"Lesões, envenenamento e algumas outras conseqüências de causas externas (S00-T98)","Queimaduras e corrosões da superfície externa do corpo, especificadas por local (T20-T25)"
"Lesões, envenenamento e algumas outras conseqüências de causas externas (S00-T98)",Queimaduras e corrosões limitadas ao olho e aos órgãos internos (T26-T28)
"Lesões, envenenamento e algumas outras conseqüências de causas externas (S00-T98)",Queimaduras e corrosões de múltiplas regiões e de regiões não especificadas do corpo (T29-T32)
"Lesões, envenenamento e algumas outras conseqüências de causas externas (S00-T98)",Geladuras [frostbite] (T33-T35)
"Lesões, envenenamento e algumas outras conseqüências de causas externas (S00-T98)","Intoxicação por drogas, medicamentos e substâncias biológicas (T36-T50)"
"Lesões, envenenamento e algumas outras conseqüências de causas externas (S00-T98)",Efeitos tóxicos de substâncias de origem predominantemente não-medicinal (T51-T65)
"Lesões, envenenamento e algumas outras conseqüências de causas externas (S00-T98)",Outros efeitos de causas externas e os não especificados (T66-T78)
"Lesões, envenenamento e algumas outras conseqüências de causas externas (S00-T98)",Algumas complicações precoces de traumatismos (T79-T79)
"Lesões, envenenamento e algumas outras conseqüências de causas externas (S00-T98)","Complicações de cuidados médicos e cirúrgicos, não classificados em outra parte (T80-T88)"
"Lesões, envenenamento e algumas outras conseqüências de causas externas (S00-T98)","Seqüelas de traumatismos, de intoxicações e de outras conseqüências das causas externas (T90-T98)"
Causas externas de morbidade e de mortalidade (V01-Y98),Acidentes (V01-X59)
Causas externas de morbidade e de mortalidade (V01-Y98),Acidentes de transporte (V01-V99)
Causas externas de morbidade e de mortalidade (V01-Y98),Pedestre traumatizado em um acidente de transporte (V01-V09)
Causas externas de morbidade e de mortalidade (V01-Y98),Ciclista traumatizado em um acidente de transporte (V10-V19)
Causas externas de morbidade e de mortalidade (V01-Y98),Motociclista traumatizado em um acidente de transporte (V20-V29)
Causas externas de morbidade e de mortalidade (V01-Y98),Ocupante de triciclo motorizado traumatizado em um acidente de transporte (V30-V39)
Causas externas de morbidade e de mortalidade (V01-Y98),Ocupante de um automóvel traumatizado em um acidente de transporte (V40-V49)
Causas externas de morbidade e de mortalidade (V01-Y98),Ocupante de uma caminhonete traumatizado em um acidente de transporte (V50-V59)
Causas externas de morbidade e de mortalidade (V01-Y98),Ocupante de um veículo de transporte pesado traumatizado em um acidente de transporte (V60-V69)
Causas externas de morbidade e de mortalidade (V01-Y98),Ocupante de um ônibus traumatizado em um acidente de transporte (V70-V79)
Causas externas de morbidade e de mortalidade (V01-Y98),Outros acidentes de transporte terrestre (V80-V89)
Causas externas de morbidade e de mortalidade (V01-Y98),Acidentes de transporte por água (V90-V94)
Causas externas de morbidade e de mortalidade (V01-Y98),Acidentes de transporte aéreo e espacial (V95-V97)
Causas externas de morbidade e de mortalidade (V01-Y98),Outros acidentes de transporte e os não especificados (V98-V99)
Causas externas de morbidade e de mortalidade (V01-Y98),Outras causas externas de traumatismos acidentais (W00-X59)
Causas externas de morbidade e de mortalidade (V01-Y98),Quedas (W00-W19)
Causas externas de morbidade e de mortalidade (V01-Y98),Exposição a forças mecânicas inanimadas (W20-W49)
Causas externas de morbidade e de mortalidade (V01-Y98),Exposição a forças mecânicas animadas (W50-W64)
Causas externas de morbidade e de mortalidade (V01-Y98),Afogamento e submersão acidentais (W65-W74)
Causas externas de morbidade e de mortalidade (V01-Y98),Outros riscos acidentais à respiração (W75-W84)
Causas externas de morbidade e de mortalidade (V01-Y98),"Exposição à corrente elétrica, à radiação e às temperaturas e pressões extremas do ambiente (W85-W99)"
Causas externas de morbidade e de mortalidade (V01-Y98),"Exposição à fumaça, ao fogo e às chamas (X00-X09)"
Causas externas de morbidade e de mortalidade (V01-Y98),Contato com uma fonte de calor ou com substâncias quentes (X10-X19)
Causas externas de morbidade e de mortalidade (V01-Y98),Contato com animais e plantas venenosos (X20-X29)
Causas externas de morbidade e de mortalidade (V01-Y98),Exposição às forças da natureza (X30-X39)
Causas externas de morbidade e de mortalidade (V01-Y98),Envenenamento [intoxicação] acidental por e exposição à substâncias nocivas (X40-X49)
Causas externas de morbidade e de mortalidade (V01-Y98),"Excesso de esforços, viagens e privações (X50-X57)"
Causas externas de morbidade e de mortalidade (V01-Y98),Exposição acidental a outros fatores e aos não especificados (X58-X59)
Causas externas de morbidade e de mortalidade (V01-Y98),Lesões autoprovocadas intencionalmente (X60-X84)
Causas externas de morbidade e de mortalidade (V01-Y98),Agressões (X85-Y09)
Causas externas de morbidade e de mortalidade (V01-Y98),Eventos (fatos) cuja intenção é indeterminada (Y10-Y34)
Causas externas de morbidade e de mortalidade (V01-Y98),Intervenções legais e operações de guerra (Y35-Y36)
Causas externas de morbidade e de mortalidade (V01-Y98),Complicações de assistência médica e cirúrgica (Y40-Y84)
Causas externas de morbidade e de mortalidade (V01-Y98),"Efeitos adversos de drogas, medicamentos e substâncias biológicas usadas com finalidade terapêutica (Y40-Y59)"
Causas externas de morbidade e de mortalidade (V01-Y98),Acidentes ocorridos em pacientes durante a prestação de cuidados médicos e cirúrgicos (Y60-Y69)
Causas externas de morbidade e de mortalidade (V01-Y98),Incidentes adversos durante atos diagnósticos ou terapêuticos associados ao uso de dispositivos (aparelhos) médicos (Y70-Y82)
Causas externas de morbidade e de mortalidade (V01-Y98),Reação anormal em paciente ou complicação tardia causadas por procedimentos cirúrgicos e outros procedimentos médicos sem menção de acidente ao tempo do (Y83-Y84)
Causas externas de morbidade e de mortalidade (V01-Y98),Seqüelas de causas externas de morbidade e de mortalidade (Y85-Y89)
Fatores que influenciam o estado de saúde e o contato com os serviços de saúde (Z00-Z99),Fatores que influenciam o estado de saúde e o contato com os serviços de saúde (Z00-Z99)
Fatores que influenciam o estado de saúde e o contato com os serviços de saúde (Z00-Z99),Pessoas em contato com os serviços de saúde para exame e investigação (Z00-Z13)
Fatores que influenciam o estado de saúde e o contato com os serviços de saúde (Z00-Z99),Pessoas com riscos potenciais à saúde relacionados com doenças transmissíveis (Z20-Z29)
Fatores que influenciam o estado de saúde e o contato com os serviços de saúde (Z00-Z99),Pessoas em contato com os serviços de saúde em circunstâncias relacionadas com a reprodução (Z30-Z39)
Fatores que influenciam o estado de saúde e o contato com os serviços de saúde (Z00-Z99),Pessoas em contato com os serviços de saúde para procedimentos e cuidados específicos (Z40-Z54)
Fatores que influenciam o estado de saúde e o contato com os serviços de saúde (Z00-Z99),Pessoas com riscos potenciais à saúde relacionados com circunstâncias socioeconômicas e psicossociais (Z55-Z65)
Fatores que influenciam o estado de saúde e o contato com os serviços de saúde (Z00-Z99),Pessoas em contato com os serviços de saúde em outras circunstâncias (Z70-Z76)
Fatores que influenciam o estado de saúde e o contato com os serviços de saúde (Z00-Z99),Pessoas com riscos potenciais à saúde relacionados com história familiar e pessoal e algumas afecções que influenciam o estado de saúde (Z80-Z99)