sintomas agrupados ,Doencao termo
46; XX Distúrbios do Desenvolvimento Sexual,46
46; XX Distúrbios do Desenvolvimento Sexual,XX Distúrbios do Desenvolvimento Sexual
Aborto; ameaçado,Aborto
Aborto; ameaçado,ameaçado
Aborto; espontâneo,Aborto
Aborto; espontâneo,espontâneo
Aborto; habitual,Aborto
Aborto; habitual,habitual
Aborto; incompleto,Aborto
Aborto; incompleto,incompleto
Aborto; perdido,Aborto
Aborto; perdido,perdido
Aborto; séptico,Aborto
Aborto; séptico,séptico
Aborto; veterinário,Aborto
Aborto; veterinário,veterinário
Abscesso de fígado; amebic,Abscesso de fígado
Abscesso de fígado; amebic,amebic
Abscesso de fígado; piogênico,Abscesso de fígado
Abscesso de fígado; piogênico,piogênico
Abuso de substâncias; intravenoso,Abuso de substâncias
Abuso de substâncias; intravenoso,intravenoso
Acidose; lática,Acidose
Acidose; lática,lática
Acidose; respiratória,Acidose
Acidose; respiratória,respiratória
Acidose; tubular renal,Acidose
Acidose; tubular renal,tubular renal
Actinomicose; cervicofacial,Actinomicose
Actinomicose; cervicofacial,cervicofacial
Adenocarcinoma; bronquiolo-alveolar,Adenocarcinoma
Adenocarcinoma; bronquiolo-alveolar,bronquiolo-alveolar
Adenocarcinoma; célula clara,Adenocarcinoma
Adenocarcinoma; célula clara,célula clara
Adenocarcinoma; folicular,Adenocarcinoma
Adenocarcinoma; folicular,folicular
Adenocarcinoma; mucinoso,Adenocarcinoma
Adenocarcinoma; mucinoso,mucinoso
Adenocarcinoma; papilar,Adenocarcinoma
Adenocarcinoma; papilar,papilar
Adenocarcinoma; Scirrhous,Adenocarcinoma
Adenocarcinoma; Scirrhous,Scirrhous
Adenocarcinoma; sebáceo,Adenocarcinoma
Adenocarcinoma; sebáceo,sebáceo
Adenoma; acidófilo,acidófilo
Adenoma; acidófilo,Adenoma
Adenoma; célula de ilhota,célula de ilhota
Adenoma; célula hepática,Adenoma
Adenoma; célula hepática,célula hepática
Adenoma; cromofobe,Adenoma
Adenoma; cromofobe,cromofobe
Adenoma; ducto biliar,Adenoma
Adenoma; ducto biliar,ducto biliar
Adenoma; glândula suada,Adenoma
Adenoma; glândula suada,glândula suada
Adenoma; oxifílico,Adenoma
Adenoma; oxifílico,oxifílico
Adenoma; pleomórfico,Adenoma
Adenoma; pleomórfico,pleomórfico
Adenoma; Sophil,Adenoma
Adenoma; Sophil,Sophil
Adenoma; viloso,Adenoma
Adenoma; viloso,viloso
Adenomatose pulmonar; ovino,Adenomatose pulmonar
Adenomatose pulmonar; ovino,ovino
Afasia; Broca,Afasia
Afasia; Broca,Broca
Afasia; condução,Afasia
Afasia; condução,condução
Afasia; progressiva primária,Afasia
Afasia; progressiva primária,progressiva primária
Afasia; Wernicke,Afasia
Afasia; Wernicke,Wernicke
AIDS ARTERITE; sistema nervoso central,AIDS ARTERITE
AIDS ARTERITE; sistema nervoso central,sistema nervoso central
Akithia; induzida por drogas,Akithia
Akithia; induzida por drogas,induzida por drogas
Albinismo; ocular,Albinismo
Albinismo; ocular,ocular
Albinismo; oculocutâneo,Albinismo
Albinismo; oculocutâneo,oculocutâneo
Alcalose; respiratória,Alcalose
Alcalose; respiratória,respiratória
Alexia; pura,Alexia
Alexia; pura,pura
Alveolite; alérgica extrínseca,alérgica extrínseca
Alveolite; alérgica extrínseca,Alveolite
Amiloidose; familiar,Amiloidose
Amiloidose; familiar,familiar
Amnésia; anterógrada,Amnésia
Amnésia; anterógrada,anterógrada
Amnésia; Global Transiente,Amnésia
Amnésia; Global Transiente,Global Transiente
Amnésia; retrógrada,Amnésia
Amnésia; retrógrada,retrógrada
Amputação; traumática,Amputação
Amputação; traumática,traumática
Anão; hipófise,Anão
Anão; hipófise,hipófise
Anemia; aplástica,Anemia
Anemia; aplástica,aplástica
Anemia; célula falciforme,Anemia
Anemia; célula falciforme,célula falciforme
Anemia; deficiência de ferro,Anemia
Anemia; deficiência de ferro,deficiência de ferro
Anemia; diamante-Blackfan,Anemia
Anemia; diamante-Blackfan,diamante-Blackfan
Anemia; hemolítica,Anemia
Anemia; hemolítica,hemolítica
Anemia; hipocrômica,Anemia
Anemia; hipocrômica,hipocrômica
Anemia; macrocítica,Anemia
Anemia; macrocítica,macrocítica
Anemia; megaloblástica,Anemia
Anemia; megaloblástica,megaloblástica
Anemia; mielófia,Anemia
Anemia; mielófia,mielófia
Anemia; neonatal,Anemia
Anemia; neonatal,neonatal
Anemia; perniciosa,Anemia
Anemia; perniciosa,perniciosa
Anemia; refratária,Anemia
Anemia; refratária,refratária
Anemia; Sideroblástica,Anemia
Anemia; Sideroblástica,Sideroblástica
Aneurisma aórtico; abdominal,abdominal
Aneurisma aórtico; abdominal,Aneurisma aórtico
Aneurisma aórtico; torácico,torácico
Aneurisma; dissecando,Aneurisma
Aneurisma; dissecando,dissecando
Aneurisma; falso,Aneurisma
Aneurisma; falso,falso
Aneurisma; infectado,Aneurisma
Aneurisma; infectado,infectado
Aneurysma; rompido,Aneurysma
Aneurysma; rompido,rompido
Angina; instável,Angina
Angina; instável,instável
Angioedemas; hereditários,Angioedemas
Angioedemas; hereditários,hereditários
Angiomatose; bacilar,Angiomatose
Angiomatose; bacilar,bacilar
Angiopatia amilóide cerebral; familiar,Angiopatia amilóide cerebral
Angiopatia amilóide cerebral; familiar,familiar
Anormalidades; induzidas por drogas,Anormalidades
Anormalidades; induzidas por drogas,induzidas por drogas
Anormalidades; induzidas por radiação,Anormalidades
Anormalidades; induzidas por radiação,induzidas por radiação
Anormalidades; múltiplas,Anormalidades
Anormalidades; múltiplas,múltiplas
Anormalidades; teratóides graves,Anormalidades
Anormalidades; teratóides graves,teratóides graves
Ansiedade; separação,Ansiedade
Ansiedade; separação,separação
Antecipação; genética,Antecipação
Antecipação; genética,genética
Ânus; imperforado,Ânus
Ânus; imperforado,imperforado
Aphakia; pós-catarato,Aphakia
Aphakia; pós-catarato,pós-catarato
Aplasia de células vermelhas; puro,Aplasia de células vermelhas
Aplasia de células vermelhas; puro,puro
Apneia do sono; central,Apneia do sono
Apneia do sono; central,central
Apneia do sono; obstrutiva,Apneia do sono
Apneia do sono; obstrutiva,obstrutiva
Apraxia; ideomotor,Apraxia
Apraxia; ideomotor,ideomotor
Arritmia; seio,Arritmia
Arritmia; seio,seio
Arritmias; cardíaco,Arritmias
Arritmias; cardíaco,cardíaco
Artrite; experimental,Artrite
Artrite; experimental,experimental
Artrite; gotosa,Artrite
Artrite; gotosa,gotosa
Artrite; infecciosa,Artrite
Artrite; infecciosa,infecciosa
Artrite; psoriática,Artrite
Artrite; psoriática,psoriática
Artrite; reativa,Artrite
Artrite; reativa,reativa
Artrite; reumatóide,Artrite
Artrite; reumatóide,reumatóide
Artrite; reumatóide juvenil,Artrite
Artrite; reumatóide juvenil,reumatóide juvenil
Artropatia; neurogênico,Artropatia
Artropatia; neurogênico,neurogênico
Asma; induzida pelo exercício,Asma
Asma; induzida pelo exercício,induzida pelo exercício
Asma; induzida por aspirina,Asma
Asma; induzida por aspirina,induzida por aspirina
Aspergilose; broncopulmonar alérgico,Aspergilose
Aspergilose; broncopulmonar alérgico,broncopulmonar alérgico
Ataque isquêmico; transitório,Ataque isquêmico
Ataque isquêmico; transitório,transitório
Atrofia bulbo-espinhal; ligada a X,Atrofia bulbo-espinhal
Atrofia bulbo-espinhal; ligada a X,ligada a X
Atrofia muscular; espinhal,Atrofia muscular
Atrofia muscular; espinhal,espinhal
Atrofia óptica; autossômico dominante,Atrofia óptica
Atrofia óptica; autossômico dominante,autossômico dominante
ATROFIAS ópticas; hereditárias,ATROFIAS ópticas
ATROFIAS ópticas; hereditárias,hereditárias
Baú da angina; varia,Baú da angina
Baú da angina; varia,varia
Bexiga urinária; hiperativa,Bexiga urinária
Bexiga urinária; hiperativa,hiperativa
Bexiga urinária; neurogênica,Bexiga urinária
Bexiga urinária; neurogênica,neurogênica
Boca; desdentosa,Boca
Boca; desdentosa,desdentosa
Bócio; endêmico,Bócio
Bócio; endêmico,endêmico
Bócio; nodular,Bócio
Bócio; nodular,nodular
Bócio; subterno,Bócio
Bócio; subterno,subterno
Bronquiolite; viral,Bronquiolite
Bronquiolite; viral,viral
Bronquite; crônica,Bronquite
Bronquite; crônica,crônica
Brucelose; bovino,bovino
Brucelose; bovino,Brucelose
Candidíase; cutânea,Candidíase
Candidíase; cutânea,cutânea
Candidíase; mucocutânea crônica,Candidíase
Candidíase; mucocutânea crônica,mucocutânea crônica
Candidíase; oral,Candidíase
Candidíase; oral,oral
Candidíase; vulvovaginal,Candidíase
Candidíase; vulvovaginal,vulvovaginal
Carcinoma 256; Walker,Carcinoma 256
Carcinoma 256; Walker,Walker
Carcinoma; adenóide cístico,adenóide cístico
Carcinoma; adenóide cístico,Carcinoma
Carcinoma; adenosquamos,adenosquamos
Carcinoma; adenosquamos,Carcinoma
Carcinoma; apêndice de pele,apêndice de pele
Carcinoma; apêndice de pele,Carcinoma
Carcinoma; basosquamos,basosquamos
Carcinoma; basosquamos,Carcinoma
Carcinoma; broncogênico,broncogênico
Carcinoma; broncogênico,Carcinoma
Carcinoma; célula acinar,célula acinar
Carcinoma; célula basal,Carcinoma
Carcinoma; célula basal,célula basal
Carcinoma; célula de ilhota,Carcinoma
Carcinoma; célula de ilhota,célula de ilhota
Carcinoma; célula de transição,Carcinoma
Carcinoma; célula de transição,célula de transição
Carcinoma; célula escamosa,Carcinoma
Carcinoma; célula escamosa,célula escamosa
Carcinoma; célula gigante,Carcinoma
Carcinoma; célula gigante,célula gigante
Carcinoma; célula grande,Carcinoma
Carcinoma; célula grande,célula grande
Carcinoma; célula Merkel,Carcinoma
Carcinoma; célula Merkel,célula Merkel
Carcinoma; célula renal,Carcinoma
Carcinoma; célula renal,célula renal
Carcinoma; ductal,Carcinoma
Carcinoma; ductal,ductal
Carcinoma; ductal pancreático,Carcinoma
Carcinoma; ductal pancreático,ductal pancreático
Carcinoma; embrionário,Carcinoma
Carcinoma; embrionário,embrionário
Carcinoma; endometrioide,Carcinoma
Carcinoma; endometrioide,endometrioide
Carcinoma; hepatocelular,Carcinoma
Carcinoma; hepatocelular,hepatocelular
Carcinoma; Krebs 2,Carcinoma
Carcinoma; Krebs 2,Krebs 2
Carcinoma; Lewis Lung,Carcinoma
Carcinoma; Lewis Lung,Lewis Lung
Carcinoma; lobular,Carcinoma
Carcinoma; lobular,lobular
Carcinoma; marrom-chão,Carcinoma
Carcinoma; marrom-chão,marrom-chão
Carcinoma; medular,Carcinoma
Carcinoma; medular,medular
Carcinoma; mucoepidermóide,Carcinoma
Carcinoma; mucoepidermóide,mucoepidermóide
Carcinoma; neuroendócrino,Carcinoma
Carcinoma; neuroendócrino,neuroendócrino
Carcinoma; papilar,Carcinoma
Carcinoma; papilar,papilar
Carcinoma; pequena célula,Carcinoma
Carcinoma; pequena célula,pequena célula
Carcinoma; pulmão de células não pequenas,Carcinoma
Carcinoma; pulmão de células não pequenas,pulmão de células não pequenas
Carcinoma; Sinete Ring Cell,Carcinoma
Carcinoma; Sinete Ring Cell,Sinete Ring Cell
Carcinoma; Tumor Ehrlich,Carcinoma
Carcinoma; Tumor Ehrlich,Tumor Ehrlich
Carcinoma; verrucoso,Carcinoma
Carcinoma; verrucoso,verrucoso
Cardiomiopatia; alcoólatra,alcoólatra
Cardiomiopatia; alcoólatra,Cardiomiopatia
Cardiomiopatia; dilatada,dilatada
Cardiomiopatia; hipertrófica,Cardiomiopatia
Cardiomiopatia; hipertrófica,hipertrófica
Cardiomiopatia; restritiva,Cardiomiopatia
Cardiomiopatia; restritiva,restritiva
Cegueira; cortical,Cegueira
Cegueira; cortical,cortical
Células neoplásicas; circulando,Células neoplásicas
Células neoplásicas; circulando,circulando
Ceratite; dendrítica,Ceratite
Ceratite; dendrítica,dendrítica
Ceratite; herpética,Ceratite
Ceratite; herpética,herpética
Chondrodyryspladi apontou; rizomélico,Chondrodyryspladi apontou
Chondrodyryspladi apontou; rizomélico,rizomélico
Choque; cardiogênico,cardiogênico
Choque; cardiogênico,Choque
Choque; cirúrgico,cirúrgico
Choque; hemorrágico,Choque
Choque; hemorrágico,hemorrágico
Choque; séptico,Choque
Choque; séptico,séptico
Choque; traumático,Choque
Choque; traumático,traumático
Cicatriz; hipertrófica,Cicatriz
Cicatriz; hipertrófica,hipertrófica
Cirrose do fígado; alcoólatra,alcoólatra
Cirrose do fígado; alcoólatra,Cirrose do fígado
Cirrose do fígado; experimental,experimental
Cirrose hepática; biliar,biliar
Cirrose hepática; biliar,Cirrose hepática
Cistadenocarcinoma; mucinoso,Cistadenocarcinoma
Cistadenocarcinoma; mucinoso,mucinoso
Cistadenocarcinoma; papilar,Cistadenocarcinoma
Cistadenocarcinoma; papilar,papilar
Cistadenocarcinoma; seroso,Cistadenocarcinoma
Cistadenocarcinoma; seroso,seroso
Cistadenoma; mucinoso,Cistadenoma
Cistadenoma; mucinoso,mucinoso
Cistadenoma; papilar,Cistadenoma
Cistadenoma; papilar,papilar
Cistadenoma; seroso,Cistadenoma
Cistadenoma; seroso,seroso
Cistite; intersticial,Cistite
Cistite; intersticial,intersticial
Cistos ósseos; aneurismáticos,aneurismáticos
Cistos ósseos; aneurismáticos,Cistos ósseos
Colangite; esclerosante,Colangite
Colangite; esclerosante,esclerosante
Colecistite; aguda,aguda
Colecistite; aguda,Colecistite
Colestase; extra-hepática,Colestase
Colestase; extra-hepática,extra-hepática
Colestase; intra-hepática,Colestase
Colestase; intra-hepática,intra-hepática
Colesteatoma; ouvido médio,Colesteatoma
Colesteatoma; ouvido médio,ouvido médio
Colite; colágeno,colágeno
Colite; colágeno,Colite
Colite; isquêmica,isquêmica
Colite; linfocítica,Colite
Colite; linfocítica,linfocítica
Colite; microscópica,Colite
Colite; microscópica,microscópica
Colite; ulcerosa,Colite
Colite; ulcerosa,ulcerosa
Coma; lesão pós-cabeça,Coma
Coma; lesão pós-cabeça,lesão pós-cabeça
Complexos cardíacos; prematuros,Complexos cardíacos
Complexos cardíacos; prematuros,prematuros
Complicações da gravidez; cardiovascular,cardiovascular
Complicações da gravidez; cardiovascular,Complicações da gravidez
Complicações da gravidez; hematológicas,hematológicas
Complicações da gravidez; infecciosas,Complicações da gravidez
Complicações da gravidez; infecciosas,infecciosas
Complicações da gravidez; neoplásico,Complicações da gravidez
Complicações da gravidez; neoplásico,neoplásico
Complicações da gravidez; parasitas,Complicações da gravidez
Complicações da gravidez; parasitas,parasitas
Condromatose; sinovial,Condromatose
Condromatose; sinovial,sinovial
Condrossarcoma; mesenquimal,Condrossarcoma
Condrossarcoma; mesenquimal,mesenquimal
Conjuntivite; alérgica,alérgica
Conjuntivite; alérgica,Conjuntivite
Conjuntivite; bacteriana,bacteriana
Conjuntivite; bacteriana,Conjuntivite
Conjuntivite; hemorrágico agudo,hemorrágico agudo
Conjuntivite; inclusão,Conjuntivite
Conjuntivite; inclusão,inclusão
Conjuntivite; viral,Conjuntivite
Conjuntivite; viral,viral
Constrição; patológica,Constrição
Constrição; patológica,patológica
Convulsões; febril,Convulsões
Convulsões; febril,febril
Coproporphyria; hereditário,Coproporphyria
Coproporphyria; hereditário,hereditário
Dano cerebral; crônico,crônico
Dano cerebral; crônico,Dano cerebral
Débito cardíaco; alto,alto
Débito cardíaco; alto,Débito cardíaco
Débito cardíaco; baixo,baixo
Débito cardíaco; baixo,Débito cardíaco
Decalcificação; patológica,Decalcificação
Decalcificação; patológica,patológica
Defeitos cardíacos; congênitos,congênitos
Defeitos cardíacos; congênitos,Defeitos cardíacos
Defeitos do septo cardíaco; atrial,atrial
Defeitos do septo cardíaco; atrial,Defeitos do septo cardíaco
Defeitos do septo cardíaco; ventricular,ventricular
Deformidades conjuntas; adquiridas,adquiridas
Deformidades conjuntas; adquiridas,Deformidades conjuntas
Deformidades da extremidade inferior; congênitas,congênitas
Deformidades da extremidade inferior; congênitas,Deformidades da extremidade inferior
Deformidades da extremidade superior; congênitas,congênitas
Deformidades da extremidade superior; congênitas,Deformidades da extremidade superior
Deformidades da orelha; adquiridas,adquiridas
Deformidades da orelha; adquiridas,Deformidades da orelha
Deformidades das mãos; congênitas,congênitas
Deformidades das mãos; congênitas,Deformidades das mãos
Deformidades de membros; congênitas,congênitas
Deformidades de membros; congênitas,Deformidades de membros
Deformidades de pé; adquiridas,adquiridas
Deformidades de pé; adquiridas,Deformidades de pé
Deformidades de pé; congênitas,congênitas
Deformidades de pé; congênitas,Deformidades de pé
Deformidades do nariz; adquiridas,adquiridas
Deformidades do nariz; adquiridas,Deformidades do nariz
Deformidades manuais; adquiridas,adquiridas
Deformidades manuais; adquiridas,Deformidades manuais
Demência; multi-infarto,Demência
Demência; multi-infarto,multi-infarto
Demência; vascular,Demência
Demência; vascular,vascular
Dente; impactado,Dente
Dente; impactado,impactado
Dente; não-vital,Dente
Dente; não-vital,não-vital
Dente; sem reimupado,Dente
Dente; sem reimupado,sem reimupado
Dente; supranumerário,Dente
Dente; supranumerário,supranumerário
Dentina; secundária,Dentina
Dentina; secundária,secundária
Depressão; pós-parto,Depressão
Depressão; pós-parto,pós-parto
Dermatite; atópica,atópica
Dermatite; atópica,Dermatite
Dermatite; contato,contato
Dermatite; contato,Dermatite
Dermatite; contato alérgico,contato alérgico
Dermatite; contato alérgico,Dermatite
Dermatite; esfoliativa,esfoliativa
Dermatite; fotoalérgica,Dermatite
Dermatite; fotoalérgica,fotoalérgica
Dermatite; fototóxica,Dermatite
Dermatite; fototóxica,fototóxica
Dermatite; irritante,Dermatite
Dermatite; irritante,irritante
Dermatite; ocupacional,Dermatite
Dermatite; ocupacional,ocupacional
Dermatite; periral,Dermatite
Dermatite; periral,periral
Dermatite; Seborrheic,Dermatite
Dermatite; Seborrheic,Seborrheic
Dermatite; toxicodendron,Dermatite
Dermatite; toxicodendron,toxicodendron
Desmineralização óssea; patológica,Desmineralização óssea
Desmineralização óssea; patológica,patológica
Desperdiçar doenças; crônico,crônico
Desperdiçar doenças; crônico,Desperdiçar doenças
Diabetes insipidus; nefrogênico,Diabetes insipidus
Diabetes insipidus; nefrogênico,nefrogênico
Diabetes insipidus; neurogênico,Diabetes insipidus
Diabetes insipidus; neurogênico,neurogênico
Diabetes mellitus; experimental,Diabetes mellitus
Diabetes mellitus; experimental,experimental
Diabetes mellitus; lipoatrófico,Diabetes mellitus
Diabetes mellitus; lipoatrófico,lipoatrófico
Diabetes mellitus; tipo 1,Diabetes mellitus
Diabetes mellitus; tipo 1,tipo 1
Diabetes mellitus; tipo 2,Diabetes mellitus
Diabetes mellitus; tipo 2,tipo 2
Diabetes; gestacional,Diabetes
Diabetes; gestacional,gestacional
Dilatação; patológica,Dilatação
Dilatação; patológica,patológica
Disautonomia; familiar,Disautonomia
Disautonomia; familiar,familiar
Disenteria; amebic,amebic
Disenteria; amebic,Disenteria
Disenteria; bacilar,bacilar
Disenteria; bacilar,Disenteria
Disfunção sexual; fisiológica,Disfunção sexual
Disfunção sexual; fisiológica,fisiológica
Disfunção ventricular; à direita,à direita
Disfunção ventricular; à direita,Disfunção ventricular
Disfunção ventricular; esquerda,esquerda
Disfunções sexuais; psicológico,Disfunções sexuais
Disfunções sexuais; psicológico,psicológico
Disgenesse gonadal; mista,Disgenesse gonadal
Disgenesse gonadal; mista,mista
Diskinesia; induzida por drogas,Diskinesia
Diskinesia; induzida por drogas,induzida por drogas
Dislexia; adquirida,adquirida
Dislexia; adquirida,Dislexia
Displasia ectodérmica 1; Anhidrótica,Anhidrótica
Displasia ectodérmica 1; Anhidrótica,Displasia ectodérmica 1
Displasia ectodérmica 3; Anidrótica,Anidrótica
Displasia ectodérmica 3; Anidrótica,Displasia ectodérmica 3
Displasia fibrosa; monotótica,Displasia fibrosa
Displasia fibrosa; monotótica,monotótica
Displasia fibrosa; poliotótica,Displasia fibrosa
Displasia fibrosa; poliotótica,poliotótica
Dispnéia; paroxística,Dispnéia
Dispnéia; paroxística,paroxística
Distrofia muscular; Duchenne,Distrofia muscular
Distrofia muscular; Duchenne,Duchenne
Distrofia muscular; Emery-Dreifuss,Distrofia muscular
Distrofia muscular; Emery-Dreifuss,Emery-Dreifuss
Distrofia muscular; faciososcápuloHumeral,Distrofia muscular
Distrofia muscular; faciososcápuloHumeral,faciososcápuloHumeral
Distrofia muscular; oculofaríngea,Distrofia muscular
Distrofia muscular; oculofaríngea,oculofaríngea
Distrofias da córnea; hereditárias,Distrofias da córnea
Distrofias da córnea; hereditárias,hereditárias
Distrofias musculares; gira de membro,Distrofias musculares
Distrofias musculares; gira de membro,gira de membro
Distúrbios afetivos; psicóticos,Distúrbios afetivos
Distúrbios afetivos; psicóticos,psicóticos
Distúrbios da coagulação do sangue; herdados,Distúrbios da coagulação do sangue
Distúrbios da coagulação do sangue; herdados,herdados
Distúrbios da dor de cabeça; primário,Distúrbios da dor de cabeça
Distúrbios da dor de cabeça; primário,primário
Distúrbios da dor de cabeça; secundários,Distúrbios da dor de cabeça
Distúrbios da dor de cabeça; secundários,secundários
Distúrbios da marcha; neurológicos,Distúrbios da marcha
Distúrbios da marcha; neurológicos,neurológicos
Distúrbios de desenvolvimento infantil; difundidos,difundidos
Distúrbios de desenvolvimento infantil; difundidos,Distúrbios de desenvolvimento infantil
Distúrbios de transporte de aminoácidos; inatos,Distúrbios de transporte de aminoácidos
Distúrbios de transporte de aminoácidos; inatos,inatos
Distúrbios do ciclo de uréia; inatos,Distúrbios do ciclo de uréia
Distúrbios do ciclo de uréia; inatos,inatos
Distúrbios do estresse; pós-traumático,Distúrbios do estresse
Distúrbios do estresse; pós-traumático,pós-traumático
Distúrbios do estresse; traumáticos,Distúrbios do estresse
Distúrbios do estresse; traumáticos,traumáticos
Distúrbios do sono; intrínsecos,Distúrbios do sono
Distúrbios do sono; intrínsecos,intrínsecos
Distúrbios do sono; ritmo circadiano,Distúrbios do sono
Distúrbios do sono; ritmo circadiano,ritmo circadiano
Distúrbios heredodegenerativos; sistema nervoso,Distúrbios heredodegenerativos
Distúrbios heredodegenerativos; sistema nervoso,sistema nervoso
Distúrbios induzidos por álcool; sistema nervoso,Distúrbios induzidos por álcool
Distúrbios induzidos por álcool; sistema nervoso,sistema nervoso
Distúrbios musculares; atróficos,atróficos
Distúrbios musculares; atróficos,Distúrbios musculares
Diverticulite; colônico,colônico
Diverticulite; colônico,Diverticulite
Diverticulose; colônico,colônico
Diverticulose; colônico,Diverticulose
Diverticulose; esofágica,esofágica
Diverticulum; cólon,cólon
Diverticulum; cólon,Diverticulum
Diverticulum; esofágico,esofágico
Diverticulum; estômago,Diverticulum
Diverticulum; estômago,estômago
Doença auto-imune do sistema nervoso; experimental,Doença auto-imune do sistema nervoso
Doença auto-imune do sistema nervoso; experimental,experimental
Doença de mão; pé e boca,Doença de mão
Doença de mão; pé e boca,pé e boca
Doença de Paget; extramamário,Doença de Paget
Doença de Paget; extramamário,extramamário
Doença de Paget; mamária,Doença de Paget
Doença de Paget; mamária,mamária
Doença de Parkinson; pós-reencefalita,Doença de Parkinson
Doença de Parkinson; pós-reencefalita,pós-reencefalita
Doença de Parkinson; secundária,Doença de Parkinson
Doença de Parkinson; secundária,secundária
Doença de Still; início de adultos,Doença de Still
Doença de Still; início de adultos,início de adultos
Doença de Von Willebrand; tipo 2,Doença de Von Willebrand
Doença de Von Willebrand; tipo 2,tipo 2
Doença granulomatosa; crônica,crônica
Doença granulomatosa; crônica,Doença granulomatosa
Doença Niemann-Pick; tipo B tipo B,Doença Niemann-Pick
Doença Niemann-Pick; tipo B tipo B,tipo B tipo B
Doença Niemann-Pick; tipo C tipo C,Doença Niemann-Pick
Doença Niemann-Pick; tipo C tipo C,tipo C tipo C
Doença pulmonar; obstrutiva crônica,Doença pulmonar
Doença pulmonar; obstrutiva crônica,obstrutiva crônica
Doenças Auditivas; Central,Central
Doenças Auditivas; Central,Doenças Auditivas
Doenças autoimunes desmielinizantes; CNS,CNS
Doenças autoimunes desmielinizantes; CNS,Doenças autoimunes desmielinizantes
Doenças cerebrais; metabólicas,Doenças cerebrais
Doenças cerebrais; metabólicas,metabólicas
Doenças colônicas; funcional,Doenças colônicas
Doenças colônicas; funcional,funcional
Doenças de armazenamento lisossômicas; sistema nervoso,Doenças de armazenamento lisossômicas
Doenças de armazenamento lisossômicas; sistema nervoso,sistema nervoso
Doenças de pele; bacterianas,bacterianas
Doenças de pele; bacterianas,Doenças de pele
Doenças de pele; eczematosas,eczematosas
Doenças de pele; genéticas,Doenças de pele
Doenças de pele; genéticas,genéticas
Doenças de pele; infecciosas,Doenças de pele
Doenças de pele; infecciosas,infecciosas
Doenças de pele; metabólicas,Doenças de pele
Doenças de pele; metabólicas,metabólicas
Doenças de pele; papulosquamos,Doenças de pele
Doenças de pele; papulosquamos,papulosquamos
Doenças de pele; parasitas,Doenças de pele
Doenças de pele; parasitas,parasitas
Doenças de pele; vasculares,Doenças de pele
Doenças de pele; vasculares,vasculares
Doenças de pele; vesiculobuloso,Doenças de pele
Doenças de pele; vesiculobuloso,vesiculobuloso
Doenças de pele; virais,Doenças de pele
Doenças de pele; virais,virais
Doenças genéticas; inatos,Doenças genéticas
Doenças genéticas; inatos,inatos
Doenças genéticas; ligadas a Y,Doenças genéticas
Doenças genéticas; ligadas a Y,ligadas a Y
Doenças genéticas; ligadas ao X,Doenças genéticas
Doenças genéticas; ligadas ao X,ligadas ao X
Doenças genitais; homens,Doenças genitais
Doenças genitais; homens,homens
Doenças genitais; mulher,Doenças genitais
Doenças genitais; mulher,mulher
Doenças hepáticas; alcoólatras,alcoólatras
Doenças hepáticas; alcoólatras,Doenças hepáticas
Doenças hepáticas; parasitas,parasitas
Doenças intestinais; parasitas,Doenças intestinais
Doenças intestinais; parasitas,parasitas
Doenças oculares; hereditário,Doenças oculares
Doenças oculares; hereditário,hereditário
Doenças ósseas; Desenvolvimento,Desenvolvimento
Doenças ósseas; Desenvolvimento,Doenças ósseas
Doenças ósseas; endócrinas,endócrinas
Doenças ósseas; infecciosas,Doenças ósseas
Doenças ósseas; infecciosas,infecciosas
Doenças ósseas; metabólicas,Doenças ósseas
Doenças ósseas; metabólicas,metabólicas
Doenças parasitárias; animal,animal
Doenças parasitárias; animal,Doenças parasitárias
Doenças pulmonares; fungos,Doenças pulmonares
Doenças pulmonares; fungos,fungos
Doenças pulmonares; intersticiais,Doenças pulmonares
Doenças pulmonares; intersticiais,intersticiais
Doenças pulmonares; obstrutivas,Doenças pulmonares
Doenças pulmonares; obstrutivas,obstrutivas
Doenças pulmonares; parasitas,Doenças pulmonares
Doenças pulmonares; parasitas,parasitas
Doenças renais; Cystic,Cystic
Doenças renais; Cystic,Doenças renais
Doenças sexualmente transmissíveis; bacterianas,bacterianas
Doenças sexualmente transmissíveis; bacterianas,Doenças sexualmente transmissíveis
Doenças sexualmente transmissíveis; virais,virais
Doenças transmissíveis; emergentes,Doenças transmissíveis
Doenças transmissíveis; emergentes,emergentes
Dor; intratável,Dor
Dor; intratável,intratável
Dor; pós-operatório,Dor
Dor; pós-operatório,pós-operatório
Dor; referida,Dor
Dor; referida,referida
Echinocococe; pulmonar,Echinocococe
Echinocococe; pulmonar,pulmonar
Echinococose; hepática,Echinococose
Echinococose; hepática,hepática
Ecthyma; contagioso,contagioso
Ecthyma; contagioso,Ecthyma
Ectromelia; infecciosa,Ectromelia
Ectromelia; infecciosa,infecciosa
Eczema; dishidrótico,dishidrótico
Eczema; dishidrótico,Eczema
Edema; cardíaco,cardíaco
Edema; cardíaco,Edema
Efusão pleural; maligna,Efusão pleural
Efusão pleural; maligna,maligna
Elefantíase; filarial,Elefantíase
Elefantíase; filarial,filarial
Eliptocitose; hereditária,Eliptocitose
Eliptocitose; hereditária,hereditária
Embolia; ar,ar
Embolia; ar,Embolia
Embolia; colesterol,colesterol
Embolia; colesterol,Embolia
Embolia; gordura,gordura
Embolia; líquido amniótico,Embolia
Embolia; líquido amniótico,líquido amniótico
Embolia; paradoxal,Embolia
Embolia; paradoxal,paradoxal
Empiema; pleural,Empiema
Empiema; pleural,pleural
Empiema; subdural,Empiema
Empiema; subdural,subdural
Empiema; tuberculoso,Empiema
Empiema; tuberculoso,tuberculoso
Encefalite; arbovírus,arbovírus
Encefalite; arbovírus,Encefalite
Encefalite; Califórnia,Califórnia
Encefalite; Califórnia,Encefalite
Encefalite; herpes simplex,herpes simplex
Encefalite; japonesa,Encefalite
Encefalite; japonesa,japonesa
Encefalite; St. Louis,Encefalite
Encefalite; St. Louis,St. Louis
Encefalite; transmitida por carrapatos,Encefalite
Encefalite; transmitida por carrapatos,transmitida por carrapatos
Encefalite; varicela zoster,Encefalite
Encefalite; varicela zoster,varicela zoster
Encefalite; viral,Encefalite
Encefalite; viral,viral
Encefalomielite; disseminado agudo,disseminado agudo
Encefalomielite; disseminado agudo,Encefalomielite
Encefalomielite; Eastern Equine,Eastern Equine
Encefalomielite; Eastern Equine,Encefalomielite
Encefalomielite; equina,equina
Encefalomielite; eqüina venezuelana,Encefalomielite
Encefalomielite; eqüina venezuelana,eqüina venezuelana
Encefalomielite; eqüino ocidental,Encefalomielite
Encefalomielite; eqüino ocidental,eqüino ocidental
Encefalomielite; porcina enzoótica,Encefalomielite
Encefalomielite; porcina enzoótica,porcina enzoótica
Encefalopatia; espongiforme bovino,Encefalopatia
Encefalopatia; espongiforme bovino,espongiforme bovino
Endocardite; bacteriana,bacteriana
Endocardite; bacteriana,Endocardite
Endocardite; bacteriana subaguda,bacteriana subaguda
Endocardite; bacteriana subaguda,Endocardite
Enterocolite; necrosante,Enterocolite
Enterocolite; necrosante,necrosante
Enterocolite; neutropênica,Enterocolite
Enterocolite; neutropênica,neutropênica
Enterocolite; pseudomembranosa,Enterocolite
Enterocolite; pseudomembranosa,pseudomembranosa
Envenenamento por chumbo; sistema nervoso,Envenenamento por chumbo
Envenenamento por chumbo; sistema nervoso,sistema nervoso
Envenenamento por mercúrio; sistema nervoso,Envenenamento por mercúrio
Envenenamento por mercúrio; sistema nervoso,sistema nervoso
Envenenamento por metais pesados; sistema nervoso,Envenenamento por metais pesados
Envenenamento por metais pesados; sistema nervoso,sistema nervoso
Epidermólise Bolosa; Juncional,Epidermólise Bolosa
Epidermólise Bolosa; Juncional,Juncional
Epifises; escorregadas,Epifises
Epifises; escorregadas,escorregadas
Epilepsia mioclônica; juvenil,Epilepsia mioclônica
Epilepsia mioclônica; juvenil,juvenil
Epilepsia; ausência,ausência
Epilepsia; ausência,Epilepsia
Epilepsia; generalizada,generalizada
Epilepsia; lobo frontal,Epilepsia
Epilepsia; lobo frontal,lobo frontal
Epilepsia; lobo temporal,Epilepsia
Epilepsia; lobo temporal,lobo temporal
Epilepsia; neonatal benigno,Epilepsia
Epilepsia; neonatal benigno,neonatal benigno
Epilepsia; parcial complexo,Epilepsia
Epilepsia; parcial complexo,parcial complexo
Epilepsia; pós-traumática,Epilepsia
Epilepsia; pós-traumática,pós-traumática
Epilepsia; reflexo,Epilepsia
Epilepsia; reflexo,reflexo
Epilepsia; Rolandic,Epilepsia
Epilepsia; Rolandic,Rolandic
Epilepsia; tônica-clônica,Epilepsia
Epilepsia; tônica-clônica,tônica-clônica
Epilepsias mioclônicas; progressivas,Epilepsias mioclônicas
Epilepsias mioclônicas; progressivas,progressivas
Epilepsias; mioclônicas,Epilepsias
Epilepsias; mioclônicas,mioclônicas
Epilepsias; parciais,Epilepsias
Epilepsias; parciais,parciais
Eritroblastose; fetal,Eritroblastose
Eritroblastose; fetal,fetal
Eritroderma ictiosiforme; congênita,congênita
Eritroderma ictiosiforme; congênita,Eritroderma ictiosiforme
Erupção dentária; ectópica,ectópica
Erupção dentária; ectópica,Erupção dentária
Esclerose múltipla; progressiva crônica,Esclerose múltipla
Esclerose múltipla; progressiva crônica,progressiva crônica
Esclerose múltipla; recidiva-recorrente,Esclerose múltipla
Esclerose múltipla; recidiva-recorrente,recidiva-recorrente
Esforocitose; hereditária,Esforocitose
Esforocitose; hereditária,hereditária
Esofagite; péptica,Esofagite
Esofagite; péptica,péptica
Espasmo esôfago; difuso,difuso
Espasmo esôfago; difuso,Espasmo esôfago
Espasmos; infantil,Espasmos
Espasmos; infantil,infantil
Espondilite; anquilosing,anquilosing
Espondilite; anquilosing,Espondilite
Esquizofrenia; catatônica,catatônica
Esquizofrenia; catatônica,Esquizofrenia
Esquizofrenia; desorganizada,desorganizada
Esquizofrenia; desorganizada,Esquizofrenia
Esquizofrenia; infância,infância
Esquizofrenia; paranóica,Esquizofrenia
Esquizofrenia; paranóica,paranóica
Estenose aórtica; subvalvular,Estenose aórtica
Estenose aórtica; subvalvular,subvalvular
Estenose aórtica; supravalvular,Estenose aórtica
Estenose aórtica; supravalvular,supravalvular
Estenose pilórica; hipertrófica,Estenose pilórica
Estenose pilórica; hipertrófica,hipertrófica
Estesioneuroblastoma; olfativo,Estesioneuroblastoma
Estesioneuroblastoma; olfativo,olfativo
Estomatite; afútil,afútil
Estomatite; afútil,Estomatite
Estomatite; herpética,herpética
Estomatite; prótese,Estomatite
Estomatite; prótese,prótese
Exostoses; múltiplos hereditários,Exostoses
Exostoses; múltiplos hereditários,múltiplos hereditários
Fasciite; plantar,Fasciite
Fasciite; plantar,plantar
Fascite; necrosante,Fascite
Fascite; necrosante,necrosante
Febre hemorrágica; americana,americana
Febre hemorrágica; americana,Febre hemorrágica
Febre hemorrágica; Crimeia,Crimeia
Febre hemorrágica; Crimeia,Febre hemorrágica
Febre hemorrágica; ebola,ebola
Febre hemorrágica; ebola,Febre hemorrágica
Febres hemorrágicas; virais,Febres hemorrágicas
Febres hemorrágicas; virais,virais
Fenilcetonúria; materna,Fenilcetonúria
Fenilcetonúria; materna,materna
Feridas; esfaquear,esfaquear
Feridas; esfaquear,Feridas
Feridas; não-detratando,não-detratando
Feridas; penetrando,Feridas
Feridas; penetrando,penetrando
Feridas; tiro,Feridas
Feridas; tiro,tiro
Ferimentos na cabeça; penetrando,Ferimentos na cabeça
Ferimentos na cabeça; penetrando,penetrando
Fibroma; desmoplásico,desmoplásico
Fibroma; desmoplásico,Fibroma
Fibroma; ossificante,ossificante
Fibromatose; abdominal,abdominal
Fibromatose; abdominal,Fibromatose
Fibromatose; agressiva,agressiva
Fibromatose; agressiva,Fibromatose
Fibromatose; gengival,gengival
Fígado gordo; alcoólatra,alcoólatra
Fígado gordo; alcoólatra,Fígado gordo
Fluorose; dental,dental
Fluorose; dental,Fluorose
Foramen ovale; patente,Foramen ovale
Foramen ovale; patente,patente
Fratura do crânio; basilar,basilar
Fratura do crânio; basilar,Fratura do crânio
Fratura do crânio; deprimido,deprimido
Fratura do crânio; deprimido,Fratura do crânio
Fraturas; abertas,abertas
Fraturas; abertas,Fraturas
Fraturas; cartilagem,cartilagem
Fraturas; cartilagem,Fraturas
Fraturas; compressão,compressão
Fraturas; compressão,Fraturas
Fraturas; espontâneas,espontâneas
Fraturas; espontâneas,Fraturas
Fraturas; estresse,estresse
Fraturas; estresse,Fraturas
Fraturas; fechadas,fechadas
Fraturas; fechadas,Fraturas
Fraturas; malunitadas,malunitadas
Fraturas; não unidas,Fraturas
Fraturas; não unidas,não unidas
Fraturas; osso,Fraturas
Fraturas; osso,osso
Fraturas; trituradas,Fraturas
Fraturas; trituradas,trituradas
Gangliosidose; GM1,Gangliosidose
Gangliosidose; GM1,GM1
Gangliosidoses; GM2,Gangliosidoses
Gangliosidoses; GM2,GM2
Gastrite; atrófica,atrófica
Gastrite; atrófica,Gastrite
Gastrite; hipertrófica,hipertrófica
Gêmeos; conjuntos,conjuntos
Gêmeos; conjuntos,Gêmeos
Gengivite; necrosante ulcerativo,Gengivite
Gengivite; necrosante ulcerativo,necrosante ulcerativo
Glaucoma; ângulo aberto,ângulo aberto
Glaucoma; ângulo aberto,Glaucoma
Glaucoma; encerramento do ângulo,encerramento do ângulo
Glaucoma; encerramento do ângulo,Glaucoma
Glaucoma; neovascular,neovascular
Glicosúria; renal,Glicosúria
Glicosúria; renal,renal
Glioma; subependimal,Glioma
Glioma; subependimal,subependimal
Glomerulonefrite; IgA,Glomerulonefrite
Glomerulonefrite; IgA,IgA
Glomerulonefrite; membranoproliferativo,Glomerulonefrite
Glomerulonefrite; membranoproliferativo,membranoproliferativo
Glomerulonefrite; membranosa,Glomerulonefrite
Glomerulonefrite; membranosa,membranosa
Glomerulosclerose; segmentar focal,Glomerulosclerose
Glomerulosclerose; segmentar focal,segmentar focal
Glossite; benigno migratório,benigno migratório
Glossite; benigno migratório,Glossite
Granuloma de células plasmáticas; pulmonar,Granuloma de células plasmáticas
Granuloma de células plasmáticas; pulmonar,pulmonar
Granuloma; célula gigante,célula gigante
Granuloma; célula gigante,Granuloma
Granuloma; célula plasmática,célula plasmática
Granuloma; célula plasmática,Granuloma
Granuloma; corpo estrangeiro,corpo estrangeiro
Granuloma; corpo estrangeiro,Granuloma
Granuloma; laringe,laringe
Granuloma; linha média letal,Granuloma
Granuloma; linha média letal,linha média letal
Granuloma; piogênico,Granuloma
Granuloma; piogênico,piogênico
Granuloma; trato respiratório,Granuloma
Granuloma; trato respiratório,trato respiratório
Granulomatose; orofacial,Granulomatose
Granulomatose; orofacial,orofacial
Gravidez; abdominal,abdominal
Gravidez; abdominal,Gravidez
Gravidez; ectópica,ectópica
Gravidez; ectópica,Gravidez
Gravidez; prolongada,prolongada
Gravidez; tubal,Gravidez
Gravidez; tubal,tubal
Hanseníase; lepromatosa,Hanseníase
Hanseníase; lepromatosa,lepromatosa
Hanseníase; limítrofe,Hanseníase
Hanseníase; limítrofe,limítrofe
Hanseníase; multibacilar,Hanseníase
Hanseníase; multibacilar,multibacilar
Hanseníase; tuberculóide,Hanseníase
Hanseníase; tuberculóide,tuberculóide
Helminthíase; animal,animal
Helminthíase; animal,Helminthíase
Hemangioma; capilar,capilar
Hemangioma; capilar,Hemangioma
Hemangioma; cavernoso,cavernoso
Hemangioma; cavernoso,Hemangioma
Hemangioma; sistema nervoso cavernoso e central,sistema nervoso cavernoso e central
Hemangoendotelioma; epitelioide,epitelioide
Hemangoendotelioma; epitelioide,Hemangoendotelioma
Hematoma; subdural,Hematoma
Hematoma; subdural,subdural
Hemoglobinúria; paroxística,Hemoglobinúria
Hemoglobinúria; paroxística,paroxística
Hemorragia cerebral; traumática,Hemorragia cerebral
Hemorragia cerebral; traumática,traumática
Hemorragia do tronco cerebral; traumático,Hemorragia do tronco cerebral
Hemorragia do tronco cerebral; traumático,traumático
Hemorragia intracraniana; hipertensiva,Hemorragia intracraniana
Hemorragia intracraniana; hipertensiva,hipertensiva
Hemorragia intracraniana; traumática,Hemorragia intracraniana
Hemorragia intracraniana; traumática,traumática
Hepatite B; crônica,crônica
Hepatite B; crônica,Hepatite B
Hepatite C; crônica,crônica
Hepatite C; crônica,Hepatite C
Hepatite D; crônica,crônica
Hepatite D; crônica,Hepatite D
Hepatite; alcoólatra,alcoólatra
Hepatite; alcoólatra,Hepatite
Hepatite; animal,animal
Hepatite; animal,Hepatite
Hepatite; autoimune,autoimune
Hepatite; autoimune,Hepatite
Hepatite; canino infeccioso,canino infeccioso
Hepatite; canino infeccioso,Hepatite
Hepatite; crônica,crônica
Hepatite; crônica,Hepatite
Hérnia; abdominal,abdominal
Hérnia; abdominal,Hérnia
Hérnia; diafragmática,diafragmática
Hérnia; diafragmática,Hérnia
Hérnia; femoral,femoral
Hérnia; femoral,Hérnia
Hérnia; hiatal,Hérnia
Hérnia; hiatal,hiatal
Hérnia; inguinal,Hérnia
Hérnia; inguinal,inguinal
Hérnia; obturadora,Hérnia
Hérnia; obturadora,obturadora
Hérnia; umbilical,Hérnia
Hérnia; umbilical,umbilical
Hérnia; ventral,Hérnia
Hérnia; ventral,ventral
Hialinose; sistêmica,Hialinose
Hialinose; sistêmica,sistêmica
Hidrocefalia; pressão normal,Hidrocefalia
Hidrocefalia; pressão normal,pressão normal
Hiperbilirrubinemia; hereditária,hereditária
Hiperbilirrubinemia; hereditária,Hiperbilirrubinemia
Hiperbilirrubinemia; neonatal,neonatal
Hiperglicinemia; não-cetoótica,Hiperglicinemia
Hiperglicinemia; não-cetoótica,não-cetoótica
Hiperlipidemia; Familial Combinada,Familial Combinada
Hiperlipidemia; Familial Combinada,Hiperlipidemia
Hiperostose; esquelético idiopático difuso,esquelético idiopático difuso
Hiperostose; esquelético idiopático difuso,Hiperostose
Hiperostose; esternocostoclavicular,esternocostoclavicular
Hiperostose; esternocostoclavicular,Hiperostose
Hiperoxalúria; primária,Hiperoxalúria
Hiperoxalúria; primária,primária
Hiperparatireoidismo; primário,Hiperparatireoidismo
Hiperparatireoidismo; primário,primário
Hiperparatireoidismo; secundário,Hiperparatireoidismo
Hiperparatireoidismo; secundário,secundário
Hiperplasia adrenal; congênita,congênita
Hiperplasia adrenal; congênita,Hiperplasia adrenal
Hiperqueratose; epidermolítica,epidermolítica
Hiperqueratose; epidermolítica,Hiperqueratose
Hipersensibilidade; atrasada,atrasada
Hipersensibilidade; atrasada,Hipersensibilidade
Hipersensibilidade; imediata,imediata
Hipersomnolência; idiopática,Hipersomnolência
Hipersomnolência; idiopática,idiopática
Hipertensão; induzida pela gravidez,Hipertensão
Hipertensão; induzida pela gravidez,induzida pela gravidez
Hipertensão; maligna,Hipertensão
Hipertensão; maligna,maligna
Hipertensão; portal,Hipertensão
Hipertensão; portal,portal
Hipertensão; pulmonar,Hipertensão
Hipertensão; pulmonar,pulmonar
Hipertensão; renal,Hipertensão
Hipertensão; renal,renal
Hipertensão; renovascular,Hipertensão
Hipertensão; renovascular,renovascular
Hipertrofia; ventricular direito,Hipertrofia
Hipertrofia; ventricular direito,ventricular direito
Hipertrofia; ventricular esquerdo,Hipertrofia
Hipertrofia; ventricular esquerdo,ventricular esquerdo
Hipofosfatemia; familiar,familiar
Hipofosfatemia; familiar,Hipofosfatemia
Hipotensão; ortostática,Hipotensão
Hipotensão; ortostática,ortostática
Hipóxia-isquemia; cérebro,cérebro
Hipóxia-isquemia; cérebro,Hipóxia-isquemia
Hipóxia; cérebro,cérebro
Hipóxia; cérebro,Hipóxia
Histiocitoma; fibroso benigno,fibroso benigno
Histiocitoma; fibroso benigno,Histiocitoma
Histiocitoma; fibroso maligno,fibroso maligno
Histiocitoma; fibroso maligno,Histiocitoma
Histiocitose; célula de Langerhans,célula de Langerhans
Histiocitose; célula de Langerhans,Histiocitose
Histiocitose; célula não-libertadora,célula não-libertadora
Histiocitose; célula não-libertadora,Histiocitose
Histiocitose; seio,seio
Icterícia; idiopática crônica,Icterícia
Icterícia; idiopática crônica,idiopática crônica
Icterícia; neonatal,Icterícia
Icterícia; neonatal,neonatal
Icterícia; obstrutiva,Icterícia
Icterícia; obstrutiva,obstrutiva
Ictiose; lamelar,Ictiose
Ictiose; lamelar,lamelar
Ictiose; ligada a X.,Ictiose
Ictiose; ligada a X.,ligada a X.
Impotência; vasculogênica,Impotência
Impotência; vasculogênica,vasculogênica
Incontinência urinária; desejar,desejar
Incontinência urinária; desejar,Incontinência urinária
Incontinência urinária; estresse,estresse
Incontinência urinária; estresse,Incontinência urinária
Infarto; artéria cerebral anterior,artéria cerebral anterior
Infarto; artéria cerebral anterior,Infarto
Infarto; artéria cerebral média,artéria cerebral média
Infarto; artéria cerebral média,Infarto
Infarto; artéria cerebral posterior,artéria cerebral posterior
Infarto; artéria cerebral posterior,Infarto
Infecção focal; dental,dental
Infecção focal; dental,Infecção focal
Infecções de Salmonella; Animal,Animal
Infecções de Salmonella; Animal,Infecções de Salmonella
Infecções fortes; eqüinas,eqüinas
Infecções fortes; eqüinas,Infecções fortes
Infecções oculares; bacterianas,bacterianas
Infecções oculares; bacterianas,Infecções oculares
Infecções oculares; fungos,fungos
Infecções oculares; fungos,Infecções oculares
Infecções oculares; parasitas,parasitas
Infecções oculares; virais,Infecções oculares
Infecções oculares; virais,virais
Infecções por adenovírus; humano,humano
Infecções por adenovírus; humano,Infecções por adenovírus
Infecções por mycobacterium; atípico,atípico
Infecções por mycobacterium; atípico,Infecções por mycobacterium
Infecções por protozoários; animal,animal
Infecções por protozoários; animal,Infecções por protozoários
Infertilidade; homem,homem
Infertilidade; homem,Infertilidade
Infertilidade; mulher,mulher
Influenza; humano,humano
Influenza; humano,Influenza
Insensibilidade à dor; congênita,congênita
Insensibilidade à dor; congênita,Insensibilidade à dor
Insônia; fatal familiar,fatal familiar
Insônia; fatal familiar,Insônia
Insuficiência cardíaca; diastólico,diastólico
Insuficiência cardíaca; diastólico,Insuficiência cardíaca
Insuficiência cardíaca; sistólico,sistólico
Insuficiência hepática; aguda,aguda
Insuficiência hepática; aguda,Insuficiência hepática
Insuficiência renal; crônica,crônica
Insuficiência renal; crônica,Insuficiência renal
Jaw; edentul,edentul
Jaw; edentul,Jaw
Keratoconjuntivite; infecciosa,infecciosa
Keratoconjuntivite; infecciosa,Keratoconjuntivite
Keratoderm; Palmopolantar,Keratoderm
Keratoderm; Palmopolantar,Palmopolantar
Larva migrans; visceral,Larva migrans
Larva migrans; visceral,visceral
Leiomomoma; epitelioide,epitelioide
Leiomomoma; epitelioide,Leiomomoma
Leishmaniose; cutânea,cutânea
Leishmaniose; cutânea,Leishmaniose
Leishmaniose; mucocutânea,mucocutânea
Leishmaniose; visceral,Leishmaniose
Leishmaniose; visceral,visceral
Lesão cerebral; crônica,crônica
Lesão cerebral; crônica,Lesão cerebral
Lesão hepática induzida por drogas; crônica,crônica
Lesão hepática induzida por drogas; crônica,Lesão hepática induzida por drogas
Lesões na cabeça; fechadas,fechadas
Lesões na cabeça; fechadas,Lesões na cabeça
Lesões oculares; penetrando,Lesões oculares
Lesões oculares; penetrando,penetrando
Lesões por radiação; experimental,experimental
Lesões por radiação; experimental,Lesões por radiação
Leucemia-linfoma; células T adultas,células T adultas
Leucemia-linfoma; células T adultas,Leucemia-linfoma
Leucemia; célula peluda,célula peluda
Leucemia; célula peluda,Leucemia
Leucemia; célula plasmática,célula plasmática
Leucemia; célula plasmática,Leucemia
Leucemia; células B.,células B.
Leucemia; células B.,Leucemia
Leucemia; células T.,células T.
Leucemia; células T.,Leucemia
Leucemia; experimental,experimental
Leucemia; experimental,Leucemia
Leucemia; felina,felina
Leucemia; felina,Leucemia
Leucemia; grande linfocítica granular,grande linfocítica granular
Leucemia; grande linfocítica granular,Leucemia
Leucemia; induzida por radiação,induzida por radiação
Leucemia; induzida por radiação,Leucemia
Leucemia; linfóide,linfóide
Leucemia; mastro,Leucemia
Leucemia; mastro,mastro
Leucemia; mielóide,Leucemia
Leucemia; mielóide,mielóide
Leucemia; prolinfocítica,Leucemia
Leucemia; prolinfocítica,prolinfocítica
Leucodistrofia; célula globóide,célula globóide
Leucodistrofia; célula globóide,Leucodistrofia
Leucodystraphy; metacromático,Leucodystraphy
Leucodystraphy; metacromático,metacromático
Leucoencefalite; hemorrágica aguda,hemorrágica aguda
Leucoencefalite; hemorrágica aguda,Leucoencefalite
Leucoencefalopatia; multifocal progressivo,Leucoencefalopatia
Leucoencefalopatia; multifocal progressivo,multifocal progressivo
Leucomalacia; periventricular,Leucomalacia
Leucomalacia; periventricular,periventricular
Leucoplasia; oral,Leucoplasia
Leucoplasia; oral,oral
Lichen Planus; oral,Lichen Planus
Lichen Planus; oral,oral
Linfangiectasia; intestinal,intestinal
Linfangiectasia; intestinal,Linfangiectasia
Linfangioma; cístico,cístico
Linfangioma; cístico,Linfangioma
Linfo-histiocitose; hemofagocítica,hemofagocítica
Linfo-histiocitose; hemofagocítica,Linfo-histiocitose
Linfocitopenia T; CD4-positivo idiopático,CD4-positivo idiopático
Linfocitopenia T; CD4-positivo idiopático,Linfocitopenia T
Linfoma; célula grande cutânea primária cutânea,célula grande cutânea primária cutânea
Linfoma; célula grande cutânea primária cutânea,Linfoma
Linfoma; células T.,células T.
Linfoma; células T.,Linfoma
Linfoma; células B.,células B.
Linfoma; células B.,Linfoma
Linfoma; células do manto,células do manto
Linfoma; células do manto,Linfoma
Linfoma; derrame primário,derrame primário
Linfoma; derrame primário,Linfoma
linfoma; exttranodal nk-t célula,exttranodal nk-t célula
linfoma; exttranodal nk-t célula,linfoma
Linfoma; folicular,folicular
Linfoma; folicular,Linfoma
Linfoma; não-Hodgkin,não-Hodgkin
Linfoma; relacionado à AIDS,Linfoma
Linfoma; relacionado à AIDS,relacionado à AIDS
Língua; fissurada,fissurada
Língua; fissurada,Língua
Língua; peluda,peluda
Lipodistrofia; congênita generalizada,congênita generalizada
Lipodistrofia; congênita generalizada,Lipodistrofia
Lipodistrofia; parcial familiar,parcial familiar
Lipomatose; múltipla simétrica,Lipomatose
Lipomatose; múltipla simétrica,múltipla simétrica
Lipossarcoma; mixóide,Lipossarcoma
Lipossarcoma; mixóide,mixóide
Lúpus eritematoso; cutâneo,cutâneo
Lúpus eritematoso; cutâneo,Lúpus eritematoso
Lúpus eritematoso; discoid,discoid
Lúpus eritematoso; discoid,Lúpus eritematoso
Lúpus erytematoso; sistêmico,Lúpus erytematoso
Lúpus erytematoso; sistêmico,sistêmico
Luxação do quadril; congênita,congênita
Luxação do quadril; congênita,Luxação do quadril
Má oclusão; Angle Classe III,Angle Classe III
Má oclusão; Angle Classe III,Má oclusão
Má-oclusão; Angle Classe II,Angle Classe II
Má-oclusão; Angle Classe II,Má-oclusão
Má-oclusão; Classe Angle I,Classe Angle I
Má-oclusão; Classe Angle I,Má-oclusão
Malária; Aviagem,Aviagem
Malária; Aviagem,Malária
Malária; cerebral,cerebral
Malária; cerebral,Malária
Malária; falciparum,falciparum
Malária; falciparum,Malária
Malária; vivax,vivax
Malformação adenomatóide cística do pulmão; congênito,congênito
Malformação adenomatóide cística do pulmão; congênito,Malformação adenomatóide cística do pulmão
Mastocitose; cutânea,cutânea
Mastocitose; cutânea,Mastocitose
Mastocitose; sistêmica,sistêmica
Megacolon; tóxico,Megacolon
Megacolon; tóxico,tóxico
Melanoma; amelanótico,amelanótico
Melanoma; amelanótico,Melanoma
Melanoma; experimental,experimental
Melanoma; experimental,Melanoma
Membranas fetais; ruptura prematura,Membranas fetais
Membranas fetais; ruptura prematura,ruptura prematura
Meningite; asséptica,asséptica
Meningite; asséptica,Meningite
Meningite; bacteriana,bacteriana
Meningite; bacteriana,Meningite
Meningite; criptocócica,criptocócica
Meningite; criptocócica,Meningite
Meningite; Escherichia coli,Escherichia coli
Meningite; Escherichia coli,Meningite
Meningite; fungos,fungos
Meningite; fungos,Meningite
Meningite; Haemophilus,Haemophilus
Meningite; Haemophilus,Meningite
Meningite; Listeria,Listeria
Meningite; Listeria,Meningite
Meningite; meningocócica,meningocócica
Meningite; pneumocócica,Meningite
Meningite; pneumocócica,pneumocócica
Meningite; viral,Meningite
Meningite; viral,viral
Menopausa; prematura,Menopausa
Menopausa; prematura,prematura
Mesotelioma; cístico,cístico
Mesotelioma; cístico,Mesotelioma
Metabolismo da frutose; erros inatos,erros inatos
Metabolismo da frutose; erros inatos,Metabolismo da frutose
Metabolismo de aminoácidos; erros inatos,erros inatos
Metabolismo de aminoácidos; erros inatos,Metabolismo de aminoácidos
Metabolismo de carboidratos; erros inatos,erros inatos
Metabolismo de carboidratos; erros inatos,Metabolismo de carboidratos
Metabolismo de metal; erros inatos,erros inatos
Metabolismo de metal; erros inatos,Metabolismo de metal
Metabolismo de purina-pirimidina; erros inatos,erros inatos
Metabolismo de purina-pirimidina; erros inatos,Metabolismo de purina-pirimidina
Metabolismo do piruvato; erros inatos,erros inatos
Metabolismo do piruvato; erros inatos,Metabolismo do piruvato
Metabolismo esteróide; erros inatos,erros inatos
Metabolismo esteróide; erros inatos,Metabolismo esteróide
Metabolismo lipídico; erros inatos,erros inatos
Metabolismo lipídico; erros inatos,Metabolismo lipídico
Metabolismo; erros inatos,erros inatos
Metabolismo; erros inatos,Metabolismo
Miastenia gravis; neonatal,Miastenia gravis
Miastenia gravis; neonatal,neonatal
Micronuclei; defeito em cromossomo,defeito em cromossomo
Micronuclei; defeito em cromossomo,Micronuclei
Mielinólise; pontina central,Mielinólise
Mielinólise; pontina central,pontina central
Mielite; transversal,Mielite
Mielite; transversal,transversal
Miopatia; núcleo central,Miopatia
Miopatia; núcleo central,núcleo central
Miopatias; Nemalina,Miopatias
Miopatias; Nemalina,Nemalina
Miopia; degenerativa,degenerativa
Miopia; degenerativa,Miopia
Miosite; corpo de inclusão,corpo de inclusão
Miosite; corpo de inclusão,Miosite
Mixomatose; infecciosa,infecciosa
Mixomatose; infecciosa,Mixomatose
Mordidas; humano,humano
Mordidas; humano,Mordidas
Morte; repentina,Morte
Morte; repentina,repentina
Mucinose; folicular,folicular
Mucinose; folicular,Mucinose
Necrólise epidérmica; tóxica,Necrólise epidérmica
Necrólise epidérmica; tóxica,tóxica
Necrose tubular renal; aguda,aguda
Necrose tubular renal; aguda,Necrose tubular renal
Nefrite; hereditária,hereditária
Nefrite; hereditária,Nefrite
Nefrite; intersticial,intersticial
Nefrite; intersticial,Nefrite
Nefroma; mesoblástico,mesoblástico
Nefroma; mesoblástico,Nefroma
Nefrose; lipóide,lipóide
Nefrose; lipóide,Nefrose
Neoplasia; residual,Neoplasia
Neoplasia; residual,residual
Neoplasias colorretais; não polipose hereditária,não polipose hereditária
Neoplasias colorretais; não polipose hereditária,Neoplasias colorretais
Neoplasias de mama; homem,homem
Neoplasias de mama; homem,Neoplasias de mama
Neoplasias do fígado; experimental,experimental
Neoplasias do fígado; experimental,Neoplasias do fígado
Neoplasias genitais; feminino,feminino
Neoplasias genitais; feminino,Neoplasias genitais
Neoplasias genitais; homens,homens
Neoplasias genitais; homens,Neoplasias genitais
Neoplasias mamárias; animal,animal
Neoplasias mamárias; animal,Neoplasias mamárias
Neoplasias mamárias; experimental,experimental
Neoplasias mamárias; experimental,Neoplasias mamárias
Neoplasias; anexos anexos e de pele,anexos anexos e de pele
Neoplasias; anexos anexos e de pele,Neoplasias
Neoplasias; célula basal,célula basal
Neoplasias; célula basal,Neoplasias
Neoplasias; célula escamosa,célula escamosa
Neoplasias; célula escamosa,Neoplasias
Neoplasias; células germinativas e embrionário,células germinativas e embrionário
Neoplasias; células germinativas e embrionário,Neoplasias
Neoplasias; complexas e mistas,complexas e mistas
Neoplasias; complexas e mistas,Neoplasias
Neoplasias; dependentes do hormônio,dependentes do hormônio
Neoplasias; dependentes do hormônio,Neoplasias
Neoplasias; experimental,experimental
Neoplasias; experimental,Neoplasias
Neoplasias; fibroepitelial,fibroepitelial
Neoplasias; fibroepitelial,Neoplasias
Neoplasias; glandular e epitelial,glandular e epitelial
Neoplasias; glandular e epitelial,Neoplasias
Neoplasias; induzidas por radiação,induzidas por radiação
Neoplasias; induzidas por radiação,Neoplasias
Neoplasias; mesotelial,mesotelial
Neoplasias; mesotelial,Neoplasias
Neoplasias; múltiplas primárias,múltiplas primárias
Neoplasias; múltiplas primárias,Neoplasias
Neoplasias; neuroepitelial,neuroepitelial
Neoplasias; pós-traumático,Neoplasias
Neoplasias; pós-traumático,pós-traumático
Neoplasias; primário desconhecido,Neoplasias
Neoplasias; primário desconhecido,primário desconhecido
Neoplasias; segundo primário,Neoplasias
Neoplasias; segundo primário,segundo primário
Neoplasias; tecido adiposo,Neoplasias
Neoplasias; tecido adiposo,tecido adiposo
Neoplasias; tecido conjuntivo,Neoplasias
Neoplasias; tecido conjuntivo,tecido conjuntivo
Neoplasias; tecido conjuntivo e moles,Neoplasias
Neoplasias; tecido conjuntivo e moles,tecido conjuntivo e moles
Neoplasias; tecido fibroso,Neoplasias
Neoplasias; tecido fibroso,tecido fibroso
Neoplasias; tecido gonadal,Neoplasias
Neoplasias; tecido gonadal,tecido gonadal
Neoplasias; tecido muscular,Neoplasias
Neoplasias; tecido muscular,tecido muscular
Neoplasias; tecido nervoso,Neoplasias
Neoplasias; tecido nervoso,tecido nervoso
Neoplasias; tecido vascular,Neoplasias
Neoplasias; tecido vascular,tecido vascular
Neovascularização; patológica,Neovascularização
Neovascularização; patológica,patológica
Neurofibroma; plexiforme,Neurofibroma
Neurofibroma; plexiforme,plexiforme
Neuroma; acústico,acústico
Neuroma; acústico,Neuroma
Neuropatia óptica; isquêmica,isquêmica
Neuropatia óptica; isquêmica,Neuropatia óptica
Neuropatias amilóides; familiares,familiares
Neuropatias amilóides; familiares,Neuropatias amilóides
Nevus; azul,azul
Nevus; azul,Nevus
Nevus; epitelioide e célula do fuso,epitelioide e célula do fuso
Nevus; epitelioide e célula do fuso,Nevus
Nevus; intradérmico,intradérmico
Nevus; intradérmico,Nevus
Nevus; pigmentado,pigmentado
Nistagmo; congênito,congênito
Nistagmo; congênito,Nistagmo
Nistagmo; patológico,patológico
Obesidade; abdominal,abdominal
Obesidade; abdominal,Obesidade
Obesidade; mórbida,mórbida
Obesidade; mórbida,Obesidade
Oclusão dentária; traumática,Oclusão dentária
Oclusão dentária; traumática,traumática
Oclusão do enxerto; vascular,Oclusão do enxerto
Oclusão do enxerto; vascular,vascular
Oftalmia; simpatia,Oftalmia
Oftalmia; simpatia,simpatia
Onchocercose; ocular,ocular
Onchocercose; ocular,Onchocercose
Ophthalmoplegia; externo progressivo crônico,externo progressivo crônico
Ophthalmoplegia; externo progressivo crônico,Ophthalmoplegia
Ossificação; heterotópica,heterotópica
Ossificação; heterotópica,Ossificação
Osteoartrite; coluna vertebral,coluna vertebral
Osteoartrite; coluna vertebral,Osteoartrite
Osteoartrite; joelho,joelho
Osteoartrite; joelho,Osteoartrite
Osteoartrite; quadril,quadril
Osteoartropatia; hipertrófica primária,hipertrófica primária
Osteoartropatia; hipertrófica primária,Osteoartropatia
Osteoartropatia; hipertrófico secundário,hipertrófico secundário
Osteoartropatia; hipertrófico secundário,Osteoartropatia
Osteólise; essencial,essencial
Osteólise; essencial,Osteólise
Osteoma; osteoid,osteoid
Osteoma; osteoid,Osteoma
Osteoporose; pós-menopausa,Osteoporose
Osteoporose; pós-menopausa,pós-menopausa
Osteossarcoma; Juxtacortical,Juxtacortical
Osteossarcoma; Juxtacortical,Osteossarcoma
Otite média; supurativa,Otite média
Otite média; supurativa,supurativa
Pancreatite; alcoólatra,alcoólatra
Pancreatite; alcoólatra,Pancreatite
Pancreatite; crônica,crônica
Pancreatite; crônica,Pancreatite
Pancreatite; necrosante agudo,necrosante agudo
Pancreatite; necrosante agudo,Pancreatite
Paniculite; lúpus eritematoso,lúpus eritematoso
Paniculite; lúpus eritematoso,Paniculite
Paniculite; não atualizado nodular,não atualizado nodular
Paniculite; não atualizado nodular,Paniculite
Paniculite; peritoneal,peritoneal
Papilloma; intraductal,intraductal
Papilloma; intraductal,Papilloma
Papilloma; invertido,invertido
Papilloma; invertido,Papilloma
Papilloma; plexo coróide,plexo coróide
Paraganglioma; extra-adrenal,extra-adrenal
Paraganglioma; extra-adrenal,Paraganglioma
Paralisia bulbar; progressiva,Paralisia bulbar
Paralisia bulbar; progressiva,progressiva
Paralisia supranuclear; progressiva,Paralisia supranuclear
Paralisia supranuclear; progressiva,progressiva
Paralisia; obstétrica,obstétrica
Paralisia; obstétrica,Paralisia
Paralisia; periódico hipercalêmico,periódico hipercalêmico
Paralisos; periódicos familiares,Paralisos
Paralisos; periódicos familiares,periódicos familiares
Paraparesia; espástica,espástica
Paraparesia; espástica,Paraparesia
Paraparesia; espástica tropical,espástica tropical
Paraparesia; espástica tropical,Paraparesia
Paraplegia espástica; hereditária,hereditária
Paraplegia espástica; hereditária,Paraplegia espástica
Pasteurelose; pneumônico,Pasteurelose
Pasteurelose; pneumônico,pneumônico
Pênfigo; Benigno Familiar,Benigno Familiar
Pênfigo; Benigno Familiar,Pênfigo
Pênfigóide; bolhoso,bolhoso
Pênfigóide; bolhoso,Pênfigóide
Perda auditiva; alta frequência,alta frequência
Perda auditiva; alta frequência,Perda auditiva
Perda auditiva; bilateral,bilateral
Perda auditiva; bilateral,Perda auditiva
Perda auditiva; central,central
Perda auditiva; central,Perda auditiva
Perda auditiva; condutor,condutor
Perda auditiva; condutor,Perda auditiva
Perda auditiva; funcional,funcional
Perda auditiva; funcional,Perda auditiva
Perda auditiva; induzida por ruído,induzida por ruído
Perda auditiva; induzida por ruído,Perda auditiva
Perda auditiva; mista-sensorineural,mista-sensorineural
Perda auditiva; mista-sensorineural,Perda auditiva
Perda auditiva; neurinhaural,neurinhaural
Perda auditiva; neurinhaural,Perda auditiva
Perda auditiva; repentina,repentina
Perda auditiva; unilateral,Perda auditiva
Perda auditiva; unilateral,unilateral
Perda de sangue; cirúrgico,cirúrgico
Perda de sangue; cirúrgico,Perda de sangue
Pericardite; constritiva,constritiva
Pericardite; constritiva,Pericardite
Pericardite; tuberculosa,tuberculosa
Peritonite; tuberculosa,Peritonite
Peritonite; tuberculosa,tuberculosa
Pielonefrite; xantogranulomatosa,Pielonefrite
Pielonefrite; xantogranulomatosa,xantogranulomatosa
Placa; amilóide,amilóide
Placa; amilóide,Placa
Placa; aterosclerótica,aterosclerótica
Placa; aterosclerótica,Placa
Placenta; retida,Placenta
Placenta; retida,retida
Plagiocefalia; não-sinotótica,não-sinotótica
Plagiocefalia; não-sinotótica,Plagiocefalia
Pleurodinia; epidemia,epidemia
Pleurodinia; epidemia,Pleurodinia
Pleuropneumonia; contagiosa,contagiosa
Pleuropneumonia; contagiosa,Pleuropneumonia
Pneumonia de suínos; micoplasmal,micoplasmal
Pneumonia de suínos; micoplasmal,Pneumonia de suínos
Pneumonia; aspiração,aspiração
Pneumonia; aspiração,Pneumonia
Pneumonia; associada ao ventilador,associada ao ventilador
Pneumonia; associada ao ventilador,Pneumonia
Pneumonia; bacteriana,bacteriana
Pneumonia; bacteriana,Pneumonia
Pneumonia; estafilocócica,estafilocócica
Pneumonia; estafilocócica,Pneumonia
Pneumonia; lipídio,lipídio
Pneumonia; lipídio,Pneumonia
Pneumonia; micoplasma,micoplasma
Pneumonia; micoplasma,Pneumonia
Pneumonia; pneumocócica,pneumocócica
Pneumonia; pneumocócica,Pneumonia
Pneumonia; pneumocystis,pneumocystis
Pneumonia; pneumocystis,Pneumonia
Pneumonia; viral,viral
Policondrite; recidiva,Policondrite
Policondrite; recidiva,recidiva
Poliomielite; bulbar,bulbar
Poliomielite; bulbar,Poliomielite
Poliondocinopatias; autoimunes,autoimunes
Poliondocinopatias; autoimunes,Poliondocinopatias
Polirradiculoneuropatia; desmielinização inflamatória crônica,desmielinização inflamatória crônica
Polirradiculoneuropatia; desmielinização inflamatória crônica,Polirradiculoneuropatia
Porphyria; eritropoiética,eritropoiética
Porphyria; eritropoiética,Porphyria
Porphyria; hepatoeritropoiética,hepatoeritropoiética
Porphyria; hepatoeritropoiética,Porphyria
Porphyria; intermitente agudo,intermitente agudo
Porphyria; intermitente agudo,Porphyria
Porphyria; variada,variada
Porphyrias; hepática,hepática
Porphyrias; hepática,Porphyrias
Pré-excitação; Mahaim-Type,Mahaim-Type
Pré-excitação; Mahaim-Type,Pré-excitação
Prisão sinusal; cardíaco,cardíaco
Prisão sinusal; cardíaco,Prisão sinusal
Protoporphyria; eritropoiético,eritropoiético
Protoporphyria; eritropoiético,Protoporphyria
Psicoses; alcoólatras,alcoólatras
Psicoses; alcoólatras,Psicoses
Psicoses; induzidas por substâncias,induzidas por substâncias
Psicoses; induzidas por substâncias,Psicoses
Puberdade; atrasada,atrasada
Puberdade; atrasada,Puberdade
Puberdade; precoce,precoce
Puberdade; precoce,Puberdade
Pulmão; hiperlucent,hiperlucent
Pulmão; hiperlucent,Pulmão
Púrpura; hiperglobulinêmico,hiperglobulinêmico
Púrpura; hiperglobulinêmico,Púrpura
Púrpura; Schoenlein-Henoch,Schoenlein-Henoch
Púrpura; trombocitopênico,Púrpura
Púrpura; trombocitopênico,trombocitopênico
Púrpura; trombocitopênico trombótico,Púrpura
Púrpura; trombocitopênico trombótico,trombocitopênico trombótico
Queimaduras; elétricas,elétricas
Queimaduras; elétricas,Queimaduras
Queimaduras; inalação,inalação
Queimaduras; inalação,Queimaduras
Queimaduras; produtos químicos,produtos químicos
Queimaduras; produtos químicos,Queimaduras
Queratose; actínica,actínica
Queratose; actínica,Queratose
Queratose; seborréico,seborréico
Rabdomiossarcoma; Alveolar,Alveolar
Rabdomiossarcoma; Alveolar,Rabdomiossarcoma
Rabdomiossarcoma; embrionário,embrionário
Rabdomiossarcoma; embrionário,Rabdomiossarcoma
Raquitismo hipofosfatêmico; dominante ligado ao X,dominante ligado ao X
Raquitismo hipofosfatêmico; dominante ligado ao X,Raquitismo hipofosfatêmico
Recorrência da neoplasia; local,local
Recorrência da neoplasia; local,Recorrência da neoplasia
Reflex; Babinski,Babinski
Reflex; Babinski,Reflex
Reflexo; anormal,anormal
Reflexo; anormal,Reflexo
Regressão neoplasia; espontânea,espontânea
Regressão neoplasia; espontânea,Regressão neoplasia
Regurgitação; gástrica,gástrica
Regurgitação; gástrica,Regurgitação
Respiração de pressão positiva; intrínseca,intrínseca
Respiração de pressão positiva; intrínseca,Respiração de pressão positiva
Retardo mental; ligado ao X,ligado ao X
Retardo mental; ligado ao X,Retardo mental
Rim policístico; autossômico dominante,autossômico dominante
Rim policístico; autossômico dominante,Rim policístico
Rim policístico; recessivo autossômico,recessivo autossômico
Rim policístico; recessivo autossômico,Rim policístico
Rinite; atrófica,atrófica
Rinite; atrófica,Rinite
Rinite; vasomotor,vasomotor
Ruptura do coração; pós-infarto,pós-infarto
Ruptura do coração; pós-infarto,Ruptura do coração
Ruptura; espontânea,espontânea
Ruptura; espontânea,Ruptura
Sarcoidose; pulmonar,pulmonar
Sarcoidose; pulmonar,Sarcoidose
Sarcoma de células dendríticas; folicular,folicular
Sarcoma de células dendríticas; folicular,Sarcoma de células dendríticas
Sarcoma; aviário,aviário
Sarcoma; aviário,Sarcoma
Sarcoma; célula clara,célula clara
Sarcoma; célula clara,Sarcoma
Sarcoma; estroma endometrial,estroma endometrial
Sarcoma; estroma endometrial,Sarcoma
Sarcoma; Ewing's,Ewing's
Sarcoma; Ewing's,Sarcoma
Sarcoma; experimental,experimental
Sarcoma; experimental,Sarcoma
Sarcoma; Kaposi,Kaposi
Sarcoma; Kaposi,Sarcoma
Sarcoma; mielóide,mielóide
Sarcoma; mielóide,Sarcoma
Sarcoma; parte macia alveolar,parte macia alveolar
Sarcoma; parte macia alveolar,Sarcoma
Sarcoma; pequena célula,pequena célula
Sarcoma; pequena célula,Sarcoma
Sarcoma; sinovial,sinovial
Sarcoma; Yoshida,Sarcoma
Sarcoma; Yoshida,Yoshida
Scleroderma; difuso,difuso
Scleroderma; difuso,Scleroderma
Scleroderma; Limited,Limited
Scleroderma; Limited,Scleroderma
Scleroderma; localizado,localizado
Scleroderma; localizado,Scleroderma
Scleroderma; sistêmico,sistêmico
Sialometaplasia; necrosante,necrosante
Sialometaplasia; necrosante,Sialometaplasia
Sífilis; cardiovascular,cardiovascular
Sífilis; cardiovascular,Sífilis
Sífilis; congênita,congênita
Sífilis; congênita,Sífilis
Sífilis; cutânea,cutânea
Sífilis; cutânea,Sífilis
Sífilis; latente,latente
Sífilis; latente,Sífilis
Síncope; Vasovagal,Síncope
Síncope; Vasovagal,Vasovagal
Síndrome da fadiga; crônica,crônica
Síndrome da fadiga; crônica,Síndrome da fadiga
Síndrome da imunodeficiência hiper-IGM; tipo 1 tipo 1,Síndrome da imunodeficiência hiper-IGM
Síndrome da imunodeficiência hiper-IGM; tipo 1 tipo 1,tipo 1 tipo 1
Síndrome da necrose da retina; aguda,aguda
Síndrome da necrose da retina; aguda,Síndrome da necrose da retina
Síndrome da rubéola; congênita,congênita
Síndrome da rubéola; congênita,Síndrome da rubéola
Síndrome de desconforto respiratório; adulto,adulto
Síndrome de desconforto respiratório; adulto,Síndrome de desconforto respiratório
Síndrome de desconforto respiratório; recém-nascido,recém-nascido
Síndrome de desconforto respiratório; recém-nascido,Síndrome de desconforto respiratório
Síndrome de Hamartoma; múltiplo,múltiplo
Síndrome de Hamartoma; múltiplo,Síndrome de Hamartoma
Síndrome do ACTH; ectópico,ectópico
Síndrome do ACTH; ectópico,Síndrome do ACTH
Síndrome do excesso mineralocorticóide; aparente,aparente
Síndrome do excesso mineralocorticóide; aparente,Síndrome do excesso mineralocorticóide
Síndromes miostênicos; congênitos,congênitos
Síndromes miostênicos; congênitos,Síndromes miostênicos
Síndromes neoplásicas; hereditárias,hereditárias
Síndromes neoplásicas; hereditárias,Síndromes neoplásicas
Síndromes paraneoplásicas; sistema nervoso,Síndromes paraneoplásicas
Síndromes paraneoplásicas; sistema nervoso,sistema nervoso
Sinovite; vilonodular pigmentada,Sinovite
Sinovite; vilonodular pigmentada,vilonodular pigmentada
Sprue; tropical,Sprue
Sprue; tropical,tropical
Suor; gustatório,gustatório
Suor; gustatório,Suor
Taquicardia; atrial ectópico,atrial ectópico
Taquicardia; atrial ectópico,Taquicardia
Taquicardia; juncional ectópica,juncional ectópica
Taquicardia; juncional ectópica,Taquicardia
Taquicardia; paroxística,paroxística
Taquicardia; paroxística,Taquicardia
Taquicardia; reentrada nodal atrioventricular,reentrada nodal atrioventricular
Taquicardia; reentrada nodal atrioventricular,Taquicardia
Taquicardia; reentrada nodal sinoatrial,reentrada nodal sinoatrial
Taquicardia; reentrada nodal sinoatrial,Taquicardia
Taquicardia; retribuído,retribuído
Taquicardia; retribuído,Taquicardia
Taquicardia; seio,seio
Taquicardia; seio,Taquicardia
Taquicardia; supraventricular,supraventricular
Taquicardia; supraventricular,Taquicardia
Taquicardia; ventricular,ventricular
Telangiectasia; hemorrágica hereditária,hemorrágica hereditária
Telangiectasia; hemorrágica hereditária,Telangiectasia
Tifo; transmitido por piolho epidêmico,Tifo
Tifo; transmitido por piolho epidêmico,transmitido por piolho epidêmico
Tifo; transportado de pulgas endêmicas,Tifo
Tifo; transportado de pulgas endêmicas,transportado de pulgas endêmicas
Tireoidite; autoimune,autoimune
Tireoidite; autoimune,Tireoidite
Tireoidite; subaguda,subaguda
Tireoidite; subaguda,Tireoidite
Tireoidite; supurativa,supurativa
Tireoidite; supurativa,Tireoidite
Toupeira hidatiforme; invasiva,invasiva
Toupeira hidatiforme; invasiva,Toupeira hidatiforme
Toxoplasmose; animal,animal
Toxoplasmose; animal,Toxoplasmose
Toxoplasmose; cerebral,cerebral
Toxoplasmose; cerebral,Toxoplasmose
Toxoplasmose; congênita,congênita
Toxoplasmose; congênita,Toxoplasmose
Toxoplasmose; ocular,ocular
Toxoplasmose; ocular,Toxoplasmose
Trabalho obstétrico; prematuro,prematuro
Trabalho obstétrico; prematuro,Trabalho obstétrico
Transformação celular; neoplásica,neoplásica
Transformação celular; neoplásica,Transformação celular
Transformação celular; viral,viral
Translocação; genética,genética
Translocação; genética,Translocação
Transporte tubular renal; erros inatos,erros inatos
Transporte tubular renal; erros inatos,Transporte tubular renal
Transtorno depressivo; Major,Major
Transtorno depressivo; Major,Transtorno depressivo
Trauma; sistema nervoso,sistema nervoso
Trauma; sistema nervoso,Trauma
Trombocitemia; essencial,essencial
Trombocitemia; essencial,Trombocitemia
Trombocitopenia; aloimune neonatal,aloimune neonatal
Trombocitopenia; aloimune neonatal,Trombocitopenia
Trombose sinusal; intracraniana,intracraniana
Trombose sinusal; intracraniana,Trombose sinusal
Trypanossomíase; africana,africana
Trypanossomíase; africana,Trypanossomíase
Trypanossomíase; bovino,bovino
Trypanossomíase; bovino,Trypanossomíase
Tuberculoma; intracraniano,intracraniano
Tuberculoma; intracraniano,Tuberculoma
Tuberculose; Avia,Avia
Tuberculose; Avia,Tuberculose
Tuberculose; bovino,bovino
Tuberculose; bovino,Tuberculose
Tuberculose; cardiovascular,cardiovascular
Tuberculose; cardiovascular,Tuberculose
Tuberculose; cutânea,cutânea
Tuberculose; cutânea,Tuberculose
Tuberculose; endócrina,endócrina
Tuberculose; endócrina,Tuberculose
Tuberculose; espinhal,espinhal
Tuberculose; espinhal,Tuberculose
Tuberculose; esplênica,esplênica
Tuberculose; esplênica,Tuberculose
Tuberculose; gastrointestinal,gastrointestinal
Tuberculose; gastrointestinal,Tuberculose
Tuberculose; genital feminino,genital feminino
Tuberculose; genital feminino,Tuberculose
Tuberculose; genital masculino,genital masculino
Tuberculose; genital masculino,Tuberculose
Tuberculose; hepática,hepática
Tuberculose; hepática,Tuberculose
Tuberculose; laringe,laringe
Tuberculose; laringe,Tuberculose
Tuberculose; linfonodo,linfonodo
Tuberculose; linfonodo,Tuberculose
Tuberculose; meningeal,meningeal
Tuberculose; meningeal,Tuberculose
Tuberculose; miliary,miliary
Tuberculose; miliary,Tuberculose
Tuberculose; multirrogada resistente,multirrogada resistente
Tuberculose; multirrogada resistente,Tuberculose
Tuberculose; ocular,ocular
Tuberculose; ocular,Tuberculose
Tuberculose; oral,oral
Tuberculose; oral,Tuberculose
Tuberculose; osteoarticular,osteoarticular
Tuberculose; osteoarticular,Tuberculose
Tuberculose; pleural,pleural
Tuberculose; pleural,Tuberculose
Tuberculose; pulmonar,pulmonar
Tuberculose; pulmonar,Tuberculose
Tuberculose; renal,renal
Tuberculose; renal,Tuberculose
Tuberculose; sistema nervoso central,sistema nervoso central
Tuberculose; sistema nervoso central,Tuberculose
Tuberculose; urogenital,urogenital
Tumor fibroso solitário; pleural,pleural
Tumor fibroso solitário; pleural,Tumor fibroso solitário
Tumor misto; maligno,maligno
Tumor misto; maligno,Tumor misto
Tumor misto; mesodérmico,mesodérmico
Tumor misto; mesodérmico,Tumor misto
Tumor misto; Mullerian,Mullerian
Tumor misto; Mullerian,Tumor misto
Tumor neuroectodérmico; melanótico,melanótico
Tumor neuroectodérmico; melanótico,Tumor neuroectodérmico
Tumores neuroectodérmicos; primitivos,primitivos
Tumores neuroectodérmicos; primitivos,Tumores neuroectodérmicos
Tumores veterinários; veterinários,Tumores veterinários
Tumores veterinários; veterinários,veterinários
Unhas; encravadas,encravadas
Unhas; encravadas,Unhas
Unhas; malformadas,malformadas
Unhas; malformadas,Unhas
Uveíte; anterior,anterior
Uveíte; anterior,Uveíte
Uveíte; intermediário,intermediário
Uveíte; intermediário,Uveíte
Uveíte; posterior,posterior
Uveíte; posterior,Uveíte
Uveíte; supurativa,supurativa
Uveíte; supurativa,Uveíte
Vaginose; bacteriana,bacteriana
Vaginose; bacteriana,Vaginose
Vasculite de lúpus; sistema nervoso central,sistema nervoso central
Vasculite de lúpus; sistema nervoso central,Vasculite de lúpus
Vasculite; sistema nervoso central,sistema nervoso central
Vasculite; sistema nervoso central,Vasculite
Vasoespasmo; intracraniano,intracraniano
Vasoespasmo; intracraniano,Vasoespasmo
Visão; baixa,baixa
Visão; baixa,Visão
VITREORETINOPATIA; proliferativa,proliferativa
VITREORETINOPATIA; proliferativa,VITREORETINOPATIA
Xantogranuloma; juvenil,juvenil
Xantogranuloma; juvenil,Xantogranuloma
Xantomatose; cerebrotendinous,cerebrotendinous
Xantomatose; cerebrotendinous,Xantomatose
Anemia; disperterropoiética; congênita,Anemia
Anemia; disperterropoiética; congênita,congênita
Anemia; disperterropoiética; congênita,disperterropoiética
Anemia; hemolítica; autoimune,Anemia
Anemia; hemolítica; autoimune,autoimune
Anemia; hemolítica; autoimune,hemolítica
Anemia; hemolítica; congênita,Anemia
Anemia; hemolítica; congênita,congênita
Anemia; hemolítica; congênita,hemolítica
Anemia; hemolítica; congênita não-esferocítica,Anemia
Anemia; hemolítica; congênita não-esferocítica,congênita não-esferocítica
Anemia; hemolítica; congênita não-esferocítica,hemolítica
Anemia; refratária; com excesso de explosões,Anemia
Anemia; refratária; com excesso de explosões,com excesso de explosões
Anemia; refratária; com excesso de explosões,refratária
Artéria carótida; interna; dissecção,Artéria carótida
Artéria carótida; interna; dissecção,dissecção
Artéria carótida; interna; dissecção,interna
Atrofia óptica; hereditária; Leber,Atrofia óptica
Atrofia óptica; hereditária; Leber,hereditária
Atrofia óptica; hereditária; Leber,Leber
Bebê; prematuro; doenças,Bebê
Bebê; prematuro; doenças,doenças
Bebê; prematuro; doenças,prematuro
Bebê; recém-nascido; doenças,Bebê
Bebê; recém-nascido; doenças,doenças
Bebê; recém-nascido; doenças,recém-nascido
Carcinoma; ductal; mama,Carcinoma
Carcinoma; ductal; mama,ductal
Carcinoma; ductal; mama,mama
Carcinoma; intraductal; não infiltrante,Carcinoma
Carcinoma; intraductal; não infiltrante,intraductal
Carcinoma; intraductal; não infiltrante,não infiltrante
Carcinoma; papilar; folicular,Carcinoma
Carcinoma; papilar; folicular,folicular
Carcinoma; papilar; folicular,papilar
Cardiomiopatia; hipertrófica; familiar,Cardiomiopatia
Cardiomiopatia; hipertrófica; familiar,familiar
Cardiomiopatia; hipertrófica; familiar,hipertrófica
Disgenesia gonadal; 46; xx,46
Disgenesia gonadal; 46; xx,Disgenesia gonadal
Disgenesia gonadal; 46; xx,xx
Disgenesse gonadal; 46; XY,46
Disgenesse gonadal; 46; XY,Disgenesse gonadal
Disgenesse gonadal; 46; XY,XY
Distúrbios do estresse; traumáticos; agudos,agudos
Distúrbios do estresse; traumáticos; agudos,Distúrbios do estresse
Distúrbios do estresse; traumáticos; agudos,traumáticos
Doenças cerebrais; metabólicas; inatos,Doenças cerebrais
Doenças cerebrais; metabólicas; inatos,inatos
Doenças cerebrais; metabólicas; inatos,metabólicas
Encefalomielite; autoimune; experimental,autoimune
Encefalomielite; autoimune; experimental,Encefalomielite
Encefalomielite; autoimune; experimental,experimental
Enterite; transmissível; de perus,de perus
Enterite; transmissível; de perus,Enterite
Enterite; transmissível; de perus,transmissível
Envenenamento por chumbo; sistema nervoso; adulto,adulto
Envenenamento por chumbo; sistema nervoso; adulto,Envenenamento por chumbo
Envenenamento por chumbo; sistema nervoso; adulto,sistema nervoso
Envenenamento por chumbo; sistema nervoso; infância,Envenenamento por chumbo
Envenenamento por chumbo; sistema nervoso; infância,infância
Envenenamento por chumbo; sistema nervoso; infância,sistema nervoso
Epilepsia; parcial; motor,Epilepsia
Epilepsia; parcial; motor,motor
Epilepsia; parcial; motor,parcial
Epilepsia; parcial; sensorial,Epilepsia
Epilepsia; parcial; sensorial,parcial
Epilepsia; parcial; sensorial,sensorial
Gastroenterite; transmissível; de suínos,de suínos
Gastroenterite; transmissível; de suínos,Gastroenterite
Gastroenterite; transmissível; de suínos,transmissível
Hematoma; peridural; craniano,craniano
Hematoma; peridural; craniano,Hematoma
Hematoma; peridural; craniano,peridural
Hematoma; peridural; espinhal,espinhal
Hematoma; peridural; espinhal,Hematoma
Hematoma; peridural; espinhal,peridural
Hematoma; subdural; agudo,agudo
Hematoma; subdural; agudo,Hematoma
Hematoma; subdural; agudo,subdural
Hematoma; subdural; crônico,crônico
Hematoma; subdural; crônico,Hematoma
Hematoma; subdural; crônico,subdural
Hematoma; subdural; espinhal,espinhal
Hematoma; subdural; espinhal,Hematoma
Hematoma; subdural; espinhal,subdural
Hematoma; subdural; intracraniano,Hematoma
Hematoma; subdural; intracraniano,intracraniano
Hematoma; subdural; intracraniano,subdural
Hepatite; Viral; Animal,Animal
Hepatite; Viral; Animal,Hepatite
Hepatite; Viral; Animal,Viral
Hepatite; viral; humana,Hepatite
Hepatite; viral; humana,humana
Hepatite; viral; humana,viral
Hérnia; diafragmática; traumática,diafragmática
Hérnia; diafragmática; traumática,Hérnia
Hérnia; diafragmática; traumática,traumática
Hiperostose; cortical; congênita,congênita
Hiperostose; cortical; congênita,cortical
Hiperostose; cortical; congênita,Hiperostose
Hipobetalipoproteinemia; familiar; apolipoproteína B,apolipoproteína B
Hipobetalipoproteinemia; familiar; apolipoproteína B,familiar
Hipobetalipoproteinemia; familiar; apolipoproteína B,Hipobetalipoproteinemia
Jaw; descentuloso; parcialmente,descentuloso
Jaw; descentuloso; parcialmente,Jaw
Jaw; descentuloso; parcialmente,parcialmente
Keratoderm; palmopoltar; difuso,difuso
Keratoderm; palmopoltar; difuso,Keratoderm
Keratoderm; palmopoltar; difuso,palmopoltar
Leucemia; bifenotípica; aguda,aguda
Leucemia; bifenotípica; aguda,bifenotípica
Leucemia; bifenotípica; aguda,Leucemia
Leucemia; eosinofílica; aguda,aguda
Leucemia; eosinofílica; aguda,eosinofílica
Leucemia; eosinofílica; aguda,Leucemia
Leucemia; eritroblástica; aguda,aguda
Leucemia; eritroblástica; aguda,eritroblástica
Leucemia; eritroblástica; aguda,Leucemia
Leucemia; megakaryoblástica; aguda,aguda
Leucemia; megakaryoblástica; aguda,Leucemia
Leucemia; megakaryoblástica; aguda,megakaryoblástica
Leucemia; mielóide; aguda,aguda
Leucemia; mielóide; aguda,Leucemia
Leucemia; mielóide; aguda,mielóide
Leucemia; mielóide; fase crônica,fase crônica
Leucemia; mielóide; fase crônica,Leucemia
Leucemia; mielóide; fase crônica,mielóide
Leucemia; mielomonocítica; aguda,aguda
Leucemia; mielomonocítica; aguda,Leucemia
Leucemia; mielomonocítica; aguda,mielomonocítica
Leucemia; mielomonocítica; crônica,crônica
Leucemia; mielomonocítica; crônica,Leucemia
Leucemia; mielomonocítica; crônica,mielomonocítica
Leucemia; mielomonocítica; juvenil,juvenil
Leucemia; mielomonocítica; juvenil,Leucemia
Leucemia; mielomonocítica; juvenil,mielomonocítica
Leucemia; monocítica; aguda,aguda
Leucemia; monocítica; aguda,Leucemia
Leucemia; monocítica; aguda,monocítica
Leucemia; neutrofílica; crônica,crônica
Leucemia; neutrofílica; crônica,Leucemia
Leucemia; neutrofílica; crônica,neutrofílica
Leucemia; prolinfocítica; células T.,células T.
Leucemia; prolinfocítica; células T.,Leucemia
Leucemia; prolinfocítica; células T.,prolinfocítica
Leucemia; promielocítica; aguda,aguda
Leucemia; promielocítica; aguda,Leucemia
Leucemia; promielocítica; aguda,promielocítica
Linfoma; células T.; cutânea,células T.
Linfoma; células T.; cutânea,cutânea
Linfoma; células T.; cutânea,Linfoma
Linfoma; células T.; periférico,células T.
Linfoma; células T.; periférico,Linfoma
Linfoma; células T.; periférico,periférico
Linfoma; células B grandes; difuso,células B grandes
Linfoma; células B grandes; difuso,difuso
Linfoma; células B grandes; difuso,Linfoma
Linfoma; células B; zona marginal,células B
Linfoma; células B; zona marginal,Linfoma
Linfoma; células B; zona marginal,zona marginal
Linfoma; células grandes; anaplásicas,anaplásicas
Linfoma; células grandes; anaplásicas,células grandes
Linfoma; células grandes; anaplásicas,Linfoma
Linfoma; células grandes; imunoblásticas,células grandes
Linfoma; células grandes; imunoblásticas,imunoblásticas
Linfoma; células grandes; imunoblásticas,Linfoma
Miastenia gravis; autoimune; experimental,autoimune
Miastenia gravis; autoimune; experimental,experimental
Miastenia gravis; autoimune; experimental,Miastenia gravis
Miopatias; estruturais; conngitital,conngitital
Miopatias; estruturais; conngitital,estruturais
Miopatias; estruturais; conngitital,Miopatias
Morte; repentina; cardíaca,cardíaca
Morte; repentina; cardíaca,Morte
Morte; repentina; cardíaca,repentina
Neoplasias; císticas; mucinosas e serosas,císticas
Neoplasias; císticas; mucinosas e serosas,mucinosas e serosas
Neoplasias; císticas; mucinosas e serosas,Neoplasias
Neurite; autoimune; experimental,autoimune
Neurite; autoimune; experimental,experimental
Neurite; autoimune; experimental,Neurite
Pneumonia; intersticial atípico; de gado,de gado
Pneumonia; intersticial atípico; de gado,intersticial atípico
Pneumonia; intersticial atípico; de gado,Pneumonia
Pneumonia; intersticial progressivo; de ovelha,de ovelha
Pneumonia; intersticial progressivo; de ovelha,intersticial progressivo
Pneumonia; intersticial progressivo; de ovelha,Pneumonia
Púrpura; trombocitopênico; idiopático,idiopático
Púrpura; trombocitopênico; idiopático,Púrpura
Púrpura; trombocitopênico; idiopático,trombocitopênico
Rinite; alérgica; perene,alérgica
Rinite; alérgica; perene,perene
Rinite; alérgica; perene,Rinite
Rinite; alérgica; sazonal,alérgica
Rinite; alérgica; sazonal,Rinite
Rinite; alérgica; sazonal,sazonal
Tumores neuroectodérmicos; primitivos; periféricos,periféricos
Tumores neuroectodérmicos; primitivos; periféricos,primitivos
Tumores neuroectodérmicos; primitivos; periféricos,Tumores neuroectodérmicos
Vasculite; leucocitoclástica; cutânea,cutânea
Vasculite; leucocitoclástica; cutânea,leucocitoclástica
Vasculite; leucocitoclástica; cutânea,Vasculite
Delírio; demência; amnésico; distúrbios cognitivos,amnésico
Delírio; demência; amnésico; distúrbios cognitivos,Delírio
Delírio; demência; amnésico; distúrbios cognitivos,demência
Delírio; demência; amnésico; distúrbios cognitivos,distúrbios cognitivos
Leucemia; linfocítica; crônica; células B,células B
Leucemia; linfocítica; crônica; células B,crônica
Leucemia; linfocítica; crônica; células B,Leucemia
Leucemia; linfocítica; crônica; células B,linfocítica
Leucemia; mielogênica; crônica; BCR-ABL POSITIVA,BCR-ABL POSITIVA
Leucemia; mielogênica; crônica; BCR-ABL POSITIVA,crônica
Leucemia; mielogênica; crônica; BCR-ABL POSITIVA,Leucemia
Leucemia; mielogênica; crônica; BCR-ABL POSITIVA,mielogênica
Leucemia; mielóide; crônica; atípica; negativa BCR-ABL,atípica
Leucemia; mielóide; crônica; atípica; negativa BCR-ABL,crônica
Leucemia; mielóide; crônica; atípica; negativa BCR-ABL,Leucemia
Leucemia; mielóide; crônica; atípica; negativa BCR-ABL,mielóide
Leucemia; mielóide; crônica; atípica; negativa BCR-ABL,negativa BCR-ABL