Paciente,Beneficios
Paciente Y,Suporta; Sistema Imunológico
Paciente Y,Regula; Atividade  Mental
Paciente Y,Promove; Saúde Cardíaca
Paciente Y,Previne; Doenças Virais
Paciente Y,Previne; Doenças Cardiovasculares
Paciente Y,Previne; Doenças Bacterianas
Paciente Y,Prevenção; Doenças Cardíacas
Paciente Y,Melhora; Sistema Imunológico
Paciente Y,Melhora; Desempenho Físico
Paciente Y,Melhora; Saúde Ossos
Paciente Y,Melhora; Saúde Geral
Paciente Y,Melhora; Saúde Cardiovascular
Paciente Y,Melhora; Saúde Mental
Paciente Y,Melhora; Função Cognitiva
Paciente Y,Melhora; Capacidade Aprendizado
Paciente Y,Manutenção; Sistema Imunológico
Paciente Y,Fortalece; Sistema Imunológico
Paciente Y,Fortalece; Saúde Cardiovascular
Paciente Y,Estimulante; Sistema Imunológico
Paciente Y,Estimula; Sistema Neurológico
Paciente Y,Essencial; Crescimento Celular
Paciente Y,Essencial; Recuperação Celular
Paciente Y,Envolvido; Metabolismo Celular
Paciente Y,Diminuir; Dores Inflamatórias
Paciente Y,Contribui; Formação Sanguínea
Paciente Y,Contribui; Pigmentação Cabelo
Paciente Y,Auxilia; Saúde Cardiovascular
Paciente Y,Auxilia; Saúde Cardiovascular
Paciente Y,Auxilia; Queima Gordura
Paciente Y,Auxilia; Proteção Hepática
Paciente Y,Auxilia; Problemas Digestivos
Paciente Y,Auxilia; Disfunção Erétil
Paciente Y,Ativa; Sistema Imunológico
Paciente Y,Melhora; Circulação Sanguínea
Paciente Y,Apresenta; Ação Antiinflamatória
Paciente Y,Ajuda; Queima Gordura
Paciente Y,Ajuda; Perda de Peso
Paciente Y,Volume; Cabelo
Paciente Y,Tratamento; Memória
Paciente Y,Suplementação; Iodo
Paciente Y,Suplementação; Cálcio
Paciente Y,Suplementação; Alimentar
Paciente Y,Síntese; Rna
Paciente Y,Síntese; DNA
Paciente Y,Síntese; Mielina
Paciente Y,Relaxamento; Corpo
Paciente Y,Relaxamento; Mente
Paciente Y,Reduzir; Fadiga
Paciente Y,Reduz; Cansaço Mental
Paciente Y,Reduz; Pressão Alta
Paciente Y,Reduz; Ansiedade
Paciente Y,Redução; Estresse
Paciente Y,Proteção; Estresse Oxidativo
Paciente Y,Principal; Esteróide
Paciente Y,Previne; Cataratas
Paciente Y,Previne; Osteoporose
Paciente Y,Prevenir; Perda Óssea
Paciente Y,Prevenção; Hipertensão
Paciente Y,Prevenção; Osteoporose
Paciente Y,Precursor; Cortisol
Paciente Y,Precursor; Progesterona
Paciente Y,Precursor; Alopregnanolona
Paciente Y,Ação; Imunoestimulante
Paciente Y,Poderoso; Antioxidante
Paciente Y,Peso; Ideal
Paciente Y,Perder; Peso
Paciente Y,Perder; Barriga
Paciente Y,Perda; Peso
Paciente Y,Pele; Mais Jovem
Paciente Y,Pele; Hidratada
Paciente Y,Pele; Maior Elasticidade
Paciente Y,Metabolismo; Carboidratos
Paciente Y,Metabolismo; Aminoácidos
Paciente Y,Metabolismo; Aminoácidos
Paciente Y,Metabolismo; Proteínas
Paciente Y,Memória; Concentração
Paciente Y,Melhora; Sono
Paciente Y,Melhora; Despertar
Paciente Y,Melhora; Desempenho Cognitivo
Paciente Y,Melhora; Desempenho Atlético
Paciente Y,Melhora; Memória
Paciente Y,Melhora; Cognição
Paciente Y,Melhora; Aprendizado
Paciente Y,Melhora; Cognição
Paciente Y,Melhora; Visão
Paciente Y,Melhora; Reprodução
Paciente Y,Melhora; Força
Paciente Y,Melhora; Atenção
Paciente Y,Massa; Muscular
Paciente Y,Manutenção; Unhas
Paciente Y,Manutenção; Pele
Paciente Y,Manutenção; Mucosa
Paciente Y,Manutenção; Mielina
Paciente Y,Libido; Masculino
Paciente Y,Libido; Feminino
Paciente Y,Inibidor; Apetite
Paciente Y,Impulsiona; Imunidade
Paciente Y,Humor; Saudável
Paciente Y,Fortalecimento; Unhas
Paciente Y,Fortalecendo; Músculos
Paciente Y,Formação; DNA
Paciente Y,Formação; Colágeno
Paciente Y,Estimulante; Sexual
Paciente Y,Estimuladora; Sono
Paciente Y,Estimuladora; Imunidade
Paciente Y,Efeito; Imunoestimulante
Paciente Y,Dormir; Bem
Paciente Y,Diminuir; Estresse
Paciente Y,Diminui; Fadiga
Paciente Y,Desempenho; Sexual
Paciente Y,Desempenho; Físico
Paciente Y,Definição; Muscular
Paciente Y,Crescimento; Cabelo
Paciente Y,Controle; Catabolismo
Paciente Y,Controle; Anabolismo
Paciente Y,Considerado; Neurotransmissor
Paciente Y,Combate; Estresse
Paciente Y,Combate; Ansiedade
Paciente Y,Combate; Insônia
Paciente Y,Calmante; Natural
Paciente Y,Biogênese; Mitocondrial
Paciente Y,Auxiliando; Perda de Peso
Paciente Y,Auxiliando; Força
Paciente Y,Auxilia; Emagrecimento
Paciente Y,Auxilia; Impotência
Paciente Y,Auxilia; Ereção
Paciente Y,Auxilia; Digestão
Paciente Y,Auxilia; Depressão
Paciente Y,Aumento; Apetite
Paciente Y,Aumento; Imunidade
Paciente Y,Aumento; Força Muscular
Paciente Y,Aumentar; Peso
Paciente Y,Aumentar; Testosterona
Paciente Y,Aumenta; Energia
Paciente Y,Aumentar; Concentração
Paciente Y,Aumenta; Transporte Oxigênio
Paciente Y,Aumenta; Potência Masculina
Paciente Y,Aumenta; Libido
Paciente Y,Aumenta; Imunidade
Paciente Y,Aumenta; Energia
Paciente Y,Aumenta; Concentração
Paciente Y,Aumenta; Desejo Sexual
Paciente Y,Atua como; Afrodisíaco
Paciente Y,Atenua; Rugas
Paciente Y,Atenua; Linhas Finas de Expressão
Paciente Y,Ajuda Manter; Membranas Celulares
Paciente Y,Ação; Termogênica
Paciente Y,Ação; Antioxidante
Paciente Y,Ação; Antienvelhecimento
Paciente Y,Ação; Anti-inflamatória
Paciente Y,Síntese; Ácidos Graxos; Hormônios Esteróides
Paciente Y,Contribui; Função Normal; Sistema Psicológico
Paciente Y,Contribui; Função Normal; Sistema Nervoso
Paciente Y,Suporta; Bom Funcionamento; Tireoide
Paciente Y,Regula; Síntese; Degradação Proteínas
Paciente Y,Inibidor; Processos Inflamatórios; Células
Paciente Y,Estimulante; Ganho; Massa Muscular
Paciente Y,Controle; Níveis; Colesterol
Paciente Y,Contribui; Redução; Cansaço
Paciente Y,Contribui; Redução; Fadiga
Paciente Y,Auxiliando; Fortalecimento; Saúde Cardiovascular
Paciente Y,Auxiliando; Fortalecendo; Saúde Óssea
Paciente Y,Auxilia; Reforço; Sistema Imunológico
Paciente Y,Auxilia; Funcionamento; Sistema Imunológico
Paciente Y,Auxilia; Emagrecimento; Controle de Peso
Paciente Y,Auxilia; Alívio; Dores Musculares
Paciente Y,Auxilia; Prevenção; Doenças Neurodegenerativas
Paciente Y,Auxilia; Prevenção; Doenças Cardiovasculares
Paciente Y,Apoia; Sistema Imunológico; Saudável
Paciente Y,Ajudando; Estimular; Hormônio Crescimento
Paciente Y,Ajuda; Tratamento; Doenças Cardiovasculares
Paciente Y,Utilizada; Produzir; Energia
Paciente Y,Tratar; Desintoxicação; Fígado
Paciente Y,Tratamento; Prevenção; Anemia
Paciente Y,Tratamento; Déficit; Vitamina A
Paciente Y,Suporta; Pressão Arterial; Saudável
Paciente Y,Sintetizado; a partir do; Colesterol
Paciente Y,Remove; Excesso; Nitrogênio
Paciente Y,Remove; Excesso; Amônia
Paciente Y,Regula; Atividades; Fisiológicas
Paciente Y,Regula; Pressão Arterial; Sistêmica
Paciente Y,Reduz; Sintomas; TPM
Paciente Y,Reduz; Riscos; Hepáticos
Paciente Y,Reduz; Risco; Ataques Cardiacos
Paciente Y,Reduz; Envelhecimento; Precoce
Paciente Y,Reduz; Níveis; Colesterol
Paciente Y,Rápido; Ganho; Massa Muscular
Paciente Y,Protege; Sistema; Neurológico
Paciente Y,Protege; Contra; Doenças Circulatórias
Paciente Y,Protege; Contra; Doenças Cardíacas
Paciente Y,Promove; Sinais; Saciedade
Paciente Y,Promove; Relaxamento; Sono
Paciente Y,Promove; Redução; Fadiga
Paciente Y,Promove; Desenvolvimento; Músculos
Paciente Y,Promove; Energia; Natural
Paciente Y,Previne; Problemas; Dentais
Paciente Y,Previne; Envelhecimento; Precoce
Paciente Y,Prevenção; Déficit; Vitamina A
Paciente Y,Prevenção; Doenças; Visão
Paciente Y,Precursor; Vários; Esteróides
Paciente Y,Precursor; Dehidroepiandrosterona; DHEA
Paciente Y,Potente; Adaptógeno; Natural
Paciente Y,Potente; Ação; Antioxidante
Paciente Y,Possui; Ação; Lipotrópica
Paciente Y,Possui; Ação; Antioxidante
Paciente Y,Possui; Ação; Ansiolítica
Paciente Y,Pode; Melhorar; Humor
Paciente Y,Pode; Melhorar; Memória
Paciente Y,Pode; Ronduzir; Osteoporose
Paciente Y,Participa; Absorção; Aminoácidos
Paciente Y,Ótimo; Infecção; Urinária
Paciente Y,Normalizador; Funções; Gastrointestinais
Paciente Y,Metabolismo; Ácidos Graxos
Paciente Y,Melhoras; Sintomas; TPM
Paciente Y,Melhora; Estado; Relaxamento
Paciente Y,Melhora; Qualidade; Sono
Paciente Y,Melhora; Ingestão; Alimentos
Paciente Y,Manutenção; Visão; Saudável
Paciente Y,Mantém; Hemácias; Saudáveis
Paciente Y,Mantém; Células Nervosas; Saudáveis
Paciente Y,Maior; Espessura; Cabelos
Paciente Y,Maior; Espessura; Unha
Paciente Y,Maior; Densidade; Cabelos
Paciente Y,Maior; Densidade; Unhas
Paciente Y,Impulsiona; Níveis; Energia
Paciente Y,Grande; Quantidade; Proteínas
Paciente Y,Fundamental; Durante; Envelhecimento
Paciente Y,Função; Cardiovascular; Saudável
Paciente Y,Fornece; Mais; Energia
Paciente Y,Fornece; Energia; Treinos
Paciente Y,Formação; Células; Sangue
Paciente Y,Formação; Células; Intestino
Paciente Y,Facilita; Recuperação; Muscular
Paciente Y,Estimula; Síntese; Proteínas Estruturais
Paciente Y,Estimula; Síntese; Fibroblastos
Paciente Y,Estimula; Síntese; Colágeno
Paciente Y,Essencial; Saúde; Células Sanguíneas Vermelhas
Paciente Y,Essencial; Produção; Proteínas
Paciente Y,Essencial; Produção; Aminoácidos
Paciente Y,Eleva; Nível; Desenvolvimento Muscular
Paciente Y,Doença de Parkinson; Devido; LDopa
Paciente Y,Diminuição; Níveis; LDL
Paciente Y,Diminuição; Níveis; Colesterol Total
Paciente Y,Diminuição; Cansaço; Fadiga
Paciente Y,Diminuição; Deficiências; Envelhecimento
Paciente Y,Diminui; Sintomas; Menopausa
Paciente Y,Diminui; Níveis; Triglicérides
Paciente Y,Diminui; Níveis; Colesterol
Paciente Y,Diminui; Retenção; Líquidos
Paciente Y,Diferenciação; Células; Epiteliais
Paciente Y,Deixa; Pele; Bonita
Paciente Y,Crescimento; Todos; Tecidos
Paciente Y,Correção; Distúrbios; Fuso Horário
Paciente Y,Controle; Níveis; Açúcar
Paciente Y,Combate; Fadiga; Neuromuscular
Paciente Y,Coadjuvante; Prevenção; Osteoporose
Paciente Y,Coadjuvante; Melhora; Saude Mental
Paciente Y,Coadjuvante; Melhora; Estresse Físico
Paciente Y,Capacidade; Desintoxicar; Várias Drogas
Paciente Y,Capacidade; Desintoxicar; Metais Pesados
Paciente Y,Capacidade; Desintoxicar; Gorduras Peroxidadas
Paciente Y,Capacidade; Desintoxicar; Fumaça Cigarro
Paciente Y,Capacidade; Desintoxicar; Álcool
Paciente Y,Bom; Problemas; Bexiga
Paciente Y,Bom; Pedra; Rins
Paciente Y,Boa; Fonte; Vitaminas
Paciente Y,Boa; Fonte; Minerais
Paciente Y,Auxilia; Saúde; Sexual
Paciente Y,Auxilia; Proteção; Hepática
Paciente Y,Auxilia; Prevenção; Bócio
Paciente Y,Auxilia; Prevenção; Arteriosclerose
Paciente Y,Auxilia; Formação; Células Vermelhas
Paciente Y,Auxilia; Digestão; Lactose
Paciente Y,Auxiliando; Ganho; Massa Magra
Paciente Y,Auxilia; Redução; Tosse
Paciente Y,Auxilia; Redução; Bronquite
Paciente Y,Auxilia; Tratamento; Colesterol
Paciente Y,Auxilia; Tratamento; Alzheimer
Paciente Y,Auxilia; Tratamento; Fibrose Cística
Paciente Y,Auxilia; Tratamento; Hiperamonemia
Paciente Y,Auxilia; Tratamento; Diabetes
Paciente Y,Auxilia; Transporte; Ferro
Paciente Y,Auxilia; Metabolismo; Energético
Paciente Y,Auxilia; Fortalecimento; Ossos
Paciente Y,Auxilia; Desenvolvimento; Feto
Paciente Y,Auxilia; Crescimento; Ósseo
Paciente Y,Auxilia; Controle; Colesterol
Paciente Y,Auxilia; Controle; Diabetes
Paciente Y,Auxilia; Combate; Estresse
Paciente Y,Auxilia; Tensão; Nervosa
Paciente Y,Auxilia; Redução; Peso
Paciente Y,Auxilia; Recuperação; Muscular
Paciente Y,Auxilia; Prevenção; Alzheimer
Paciente Y,Auxilia; Prevenção; Parkinson
Paciente Y,Auxilia; Má Absorção; Gorduras
Paciente Y,Auxilia; Desintoxicação; Organismo
Paciente Y,Auxilia; Cicatrização; Tecidos
Paciente Y,Auxilia; Absorção; Ferro
Paciente Y,Auxilia; Acelerar; Metabolismo
Paciente Y,Aumentar; Desempenho Cognitivo; Idosos
Paciente Y,Aumenta; Níveis; Testosterona
Paciente Y,Aumenta; Volume; Muscular
Paciente Y,Aumenta; Capacidade; Cerebral
Paciente Y,Aumenta; Absorção; Cálcio
Paciente Y,Atua na; Produção; Colágeno
Paciente Y,Atividade; Antioxidante; Potente
Paciente Y,Ajuda; Reduzir; Pressão Alta
Paciente Y,Ajuda; Funcionamento; Rins
Paciente Y,Ajuda; Tratamento; Câncer
Paciente Y,Ajuda; Produção; Energia
Paciente Y,Ajuda; Formação; Sangue
Paciente Y,Ajuda; Absorção; Magnésio
Paciente Y,Ajuda; Absorção; Cálcio
Paciente Y,Ajuda; Curar; Ferimentos
Paciente Y,Ajuda; Aliviar; Glaucoma
Paciente Y,Ajuda; Aliviar; Estresse
Paciente Y,Redução; Fadiga; Física
Paciente Y,Melhora; Pressão Arterial; Baixa
Paciente Y,Aumenta; Níveis; Energia
Paciente Y,Coadjuvante; Produção Hormônio; Aumenta; Formação Óssea
Paciente Y,Uso Topico; Ajuda; Curar; Queimaduras
Paciente Y,Uso Topico; Ajuda; Curar; Ferimentos
Paciente Y,Pode; Ajudar; Desacelerar; Processo Envelhecimento
Paciente Y,Papel; Importante; Modulação; Atividade Cerebral
Paciente Y,Melhora; Absorção; Alimentos; Suplementos
Paciente Y,Fornece; Proteção; Isquêmica; Tecidos Cardíacos
Paciente Y,Auxilia; Tratamento; Dores Crônicas; Fibromialgia
Paciente Y,Usado; Produzir; Hormônios; Esteróides
Paciente Y,Suporta; Função; Fígado; Saudável
Paciente Y,Regula; Níveis; Açúcar; Sangue
Paciente Y,Proporciona; Benefícios; Cosméticos; Pele
Paciente Y,Promove; Aumento; Elasticidade; Pele
Paciente Y,Promove; Eliminação; Adequada; Resíduos
Paciente Y,Possui; Ação; Reguladora; Humor
Paciente Y,Ação Preventiva; Doenças; Degenerativas; Pâncreas
Paciente Y,Poderoso; Antioxidante; Combate; Radicais Livres
Paciente Y,Pode; Suportar; Humor; Saudável
Paciente Y,Pode; Promover; Sono; Regenerador
Paciente Y,Pode; Prevenir; Desenvolvimento; Arteriosclerose
Paciente Y,Pode; Prevenir; Progressão; Arteriosclerose
Paciente Y,Papel; Regulação; Mecanismos; Depressão
Paciente Y,Papel; Regulação; Mecanismos; Ansiedade
Paciente Y,Manutenção; Geral; Todos; Tecidos
Paciente Y,Induz; Relaxamento; Sem; Sono
Paciente Y,Impulsiona; Capacidades; Defesa Natural; Corpo
Paciente Y,Fornece; Proteção; Contra; Doenças Crônicas
Paciente Y,Formação; Células; Tecido; Fetal
Paciente Y,Estimula; Produção; Células; Ósseas
Paciente Y,Essencial; Manter; Saúde; Cólon
Paciente Y,Diminuição; Dano Muscular; Durante; Exercício
Paciente Y,Diminui; Risco; Artrite; Reumatoide
Paciente Y,Diminui; Excreção; Cálcio; Urina
Paciente Y,deve ser; Suplementada; Durante; Gestação
Paciente Y,Contribui; Pigmentação; Pele; Organismo
Paciente Y,Contribui; Formação; Fatores; Coagulação
Paciente Y,Colabora; Vitamina E; Funcionento; Eficiente
Paciente Y,Colabora; Vitamina C; Funcionento; Eficiente
Paciente Y,Auxilia; Tratamento; Doenças; Degenerativas
Paciente Y,Auxilia; Ganho; Massa Muscular; Magra
Paciente Y,Auxilia; Redução; Peso; Diminui apetite
Paciente Y,Auxilia; Prevenção; Envelhecimento; Precoce
Paciente Y,Auxiliando; Fortalecendo; Saúde; Sistema Imunológico
Paciente Y,Auxilia; Redução; Infecções; Trato Respiratório
Paciente Y,Auxilia; Alívio; Dores; Artrite
Paciente Y,Auxilia; Metabolização; Vitaminas; Complexo B
Paciente Y,Auxilia; Melhora; Sintomas; TPM
Paciente Y,Auxilia; Melhora; Sintomas; Depressão
Paciente Y,Auxilia; Manutenção; Tecidos; Conjuntivos
Paciente Y,Aumenta; Níveis; Serotonina; Cérebro
Paciente Y,Aumenta; Consideravelmente; Níveis; GH
Paciente Y,Aumenta; Produção; Natural; Testosterona
Paciente Y,Aumenta; Disposição; Prática; Atividades Cotidianas
Paciente Y,Aumenta; Absorção; Intestinal; Cálcio
Paciente Y,Aumenta; Absorção; Cálcio; Ossos
Paciente Y,Aumenta; Absorção; Cálcio; Dentes
Paciente Y,Associada; Melhora; Desempenho; Tarefas Cognitivas
Paciente Y,Apoia; Função; Nervosa; Saudável
Paciente Y,Ajuda; Controle; Equilíbrio; Água do Corpo
Paciente Y,Ajuda; Aumentar; Glutationa; Desintoxicação
Paciente Y,Recupera; Bactérias Boas; Encontradas; Trato Digestivo; Saudável
Paciente Y,Melhora; Rendimento; Durante; Prática; Atividade Física
Paciente Y,Auxilia; Vitamina D; Sintetizar; Proteína Reguladora; Ossos
Paciente Y,Ajuda Organismo; Converter; Alimento; em; Glicose
Paciente Y,Promove; Melhora; Absorção; Nutrientes; Essenciais
Paciente Y,Pode; Ajudar; Função; Sistema Imunológico; Saudável
Paciente Y,Auxilia; Proteção; Contra; Ação; Radicais Livres
Paciente Y,Ajuda; Suportar; Função; Imunológica; Saudável
Paciente Y,Ajuda; Proteger; Retina; Olhos; Degeneração
Paciente Y,Ajuda; Proteger; Cristalino; Olhos; Degeneração
Paciente Y,Ajuda; Converter; Alimentos; em; Energia
Paciente Y,Promove; Equilíbrio; Saudável; Açúcar; Sangue
Paciente Y,Repositor; Energético; Nutrientes; Vitaminas; Minerais
Paciente Y,Comprovadamente; Alivia; Sintomas; Depressão; Suave; Moderada
Paciente Y,Melhora; Índice Glicêmico
Paciente Y,Regulação; Glicose
Paciente Y,Regulação; Hormonal
Paciente Y,Compulsão; Doces