Suplementos,Beneficios COncatenados
Vitamina B12 (metilcobalamina),Contribui; Formação Sanguínea
Vitamina B12 (metilcobalamina),Mantém; Células Nervosas; Saudáveis
Vitamina B12 (metilcobalamina),Envolvido; Metabolismo Celular
Vitamina B12 (metilcobalamina),Melhora; Pressão Arterial; Baixa
Vitamina B12 (metilcobalamina),Promove; Energia; Natural
Vitamina B12 (metilcobalamina),Fortalece; Saúde Cardiovascular
Vitamina B12 (metilcobalamina),Melhora; Circulação Sanguínea
Vitamina B12 (metilcobalamina),Ajuda; Aliviar; Estresse
Vitamina A,Prevenção; Déficit; Vitamina A
Vitamina A,Prevenção; Doenças; Visão
Vitamina A,Auxilia; Crescimento; Ósseo
Vitamina A,Estimula; Síntese; Colágeno
Vitamina A,Promove; Aumento; Elasticidade; Pele
Vitamina B9 (metilfofalato),Melhora; Função Cognitiva
Vitamina B9 (metilfofalato),Humor; Saudável
Vitamina B9 (metilfofalato),Auxilia; Melhora; Sintomas; Depressão
Vitamina B9 (metilfofalato),Combate; Insônia
Vitamina B9 (metilfofalato),Auxilia; Funcionamento; Sistema Imunológico
Vitamina B9 (metilfofalato),Pode; Prevenir; Desenvolvimento; Arteriosclerose
Vitamina B9 (metilfofalato),Suplementação; Alimentar
Vitamina B9 (metilfofalato),deve ser; Suplementada; Durante; Gestação
Vitamina B9 (metilfofalato),Auxilia; Desenvolvimento; Feto
Vitamina B9 (metilfofalato),Essencial; Saúde; Células Sanguíneas Vermelhas
Zinco Quelato,Essencial; Crescimento Celular
Zinco Quelato,Fortalece; Sistema Imunológico
Zinco Quelato,Essencial; Recuperação Celular
Zinco Quelato,Eleva; Nível; Desenvolvimento Muscular
Zinco Quelato,Manutenção; Geral; Todos; Tecidos
Vitamina E,Melhora; Saúde Cardiovascular
Vitamina E,Controle; Níveis; Colesterol
Vitamina E,Auxilia; Reforço; Sistema Imunológico
Vitamina E,Auxilia; Reforço; Sistema Imunológico
Vitamina E,Auxilia; Proteção; Contra; Ação; Radicais Livres; 
Vitamina E,Auxilia; Recuperação; Muscular
Vitamina D3,Aumenta; Absorção; Cálcio
Vitamina D3,Melhora; Sistema Imunológico
Vitamina D3,Melhora; Saúde Cardiovascular
Vitamina C,Fortalece; Sistema Imunológico
Vitamina C,Previne; Doenças Virais
Vitamina C,Previne; Doenças Bacterianas
Vitamina C,Ação; Antioxidante
Vitamina C,Atua na; Produção; Colágeno
Vitamina C,Fornece; Mais; Energia
Vitamina C,Auxilia; Absorção; Ferro
Vitamina C,Auxilia; Saúde Cardiovascular
Vitamina B6 (Piridoxol),Auxilia; Melhora; Sintomas; Depressão
Vitamina B6 (Piridoxol),Auxilia; Melhora; Sintomas; TPM
Vitamina B6 (Piridoxol),Participa; Absorção; Aminoácidos
Vitamina B6 (Piridoxol),Melhora; Estado; Relaxamento
Vitamina B3 (Niacina),Fornece; Mais; Energia
Vitamina B3 (Niacina),Melhora; Circulação Sanguínea
Vitamina B3 (Niacina),Manutenção; Pele
Vitamina B3 (Niacina),Diminuir; Estresse
Vitamina B3 (Niacina),Regulação; Glicose
Vitamina B2 (Riboflavina),Auxilia; Formação; Células Vermelhas
Vitamina B2 (Riboflavina),Proteção; Estresse Oxidativo
Vitamina B2 (Riboflavina),Manutenção; Unhas
Vitamina B2 (Riboflavina),Manutenção; Pele
Vitamina B2 (Riboflavina),Manutenção; Mucosa
Vitamina B1 (Tiamina),Ajuda; Converter; Alimentos; em; Energia; 
Vitamina B1 (Tiamina),Pode; Melhorar; Humor
Vitamina B1 (Tiamina),Pode; Melhorar; Memória
Vitamina B1 (Tiamina),Apoia; Função; Nervosa; Saudável
Vitamina B1 (Tiamina),Apoia a função nervosa saudável;
Vitamina B1 (Tiamina),Impulsiona; Níveis; Energia
Tribulus Terrestris,Auxilia; Disfunção Erétil
Tribulus Terrestris,Libido; Feminino
Tribulus Terrestris,Libido; Masculino
Tribulus Terrestris,Aumenta; Produção; Natural; Testosterona
Tribulus Terrestris,Regulação; Hormonal
Taurina,Promove; Equilíbrio; Saudável; Açúcar; Sangue; 
Taurina,Suporta; Pressão Arterial; Saudável
Taurina,Suporta; Função; Fígado; Saudável
Taurina,Considerado; Neurotransmissor
Taurina,Função; Cardiovascular; Saudável
Taurina,Ação; Antioxidante
Taurina,Contribui; Função Normal; Sistema Nervoso
Taurina,Ajuda Manter; Membranas Celulares
Taurina,Previne; Cataratas
Silício Orgânico,Melhora; Saúde Ossos
Silício Orgânico,Previne; Osteoporose
Silício Orgânico,Manutenção; Unhas
Silício Orgânico,Manutenção; Pele
Silício Orgânico,Maior; Densidade; Cabelos
Silício Orgânico,Pele; Maior Elasticidade
Silício Orgânico,Pele; Mais Jovem
Silício Orgânico,Pele; Hidratada
Silício Orgânico,Estimula; Síntese; Fibroblastos
Silício Orgânico,Estimula; Síntese; Proteínas Estruturais
Silício Orgânico,Maior; Espessura; Cabelos
Silício Orgânico,Maior; Espessura; Unha
Silício Orgânico,Maior; Densidade; Unhas
Silício Orgânico,Atenua; Linhas Finas de Expressão
Silício Orgânico,Fortalecimento; Unhas
Própolis Verde,Ação; Anti-inflamatória
Própolis Verde,Melhora; Cognição
Própolis Verde,Antiviral
Própolis Verde,Antibacteriano
Própolis Verde,Ação; Antioxidante
Probióticos,Recupera; Bactérias Boas; Encontradas; Trato Digestivo; Saudável; 
Probióticos,Auxilia; Digestão
Probióticos,Essencial; Manter; Saúde; Cólon
Probióticos,Impulsiona; Capacidades; Defesa Natural; Corpo
PQQ (Pirroloquinolina Quinona),Antioxidante
PQQ (Pirroloquinolina Quinona),Protege; Sistema; Neurológico
PQQ (Pirroloquinolina Quinona),Biogênese; Mitocondrial
PQQ (Pirroloquinolina Quinona),Melhora; Função Cognitiva
PQQ (Pirroloquinolina Quinona),Ativa; Sistema Imunológico
PQQ (Pirroloquinolina Quinona),Fornece; Proteção; Isquêmica; Tecidos Cardíacos
Potássio,Ajuda; Controle; Equilíbrio; Água do Corpo
Potássio,Ajudar; Reduzir; Pressão Alta
Potássio,Prevenir; Perda Óssea
Potássio,Reduz; Risco; Ataques Cardiacos
Potássio,Ajuda; Funcionamento; Rins
Ômega 3,Memória; Concentração
Ômega 3,Protege; Sistema; Neurológico
Ômega 3,Estimula; Sistema Neurológico
Ômega 3,Auxilia; Prevenção; Alzheimer
Ômega 3,Auxilia; Prevenção; Parkinson
Ômega 3,Melhora; Visão
Óleo de Linhaça,Atividade; Antioxidante; Potente
Óleo de Linhaça,Melhora; Sintomas; TPM
Óleo de Linhaça,Auxilia; Prevenção; Doenças Cardiovasculares
Óleo de Linhaça,Diminui; Níveis; Triglicérides
Óleo de Linhaça,Diminui; Níveis; Colesterol
Óleo de Linhaça,Diminui; Retenção; Líquidos
Óleo de Linhaça,Auxilia; Emagrecimento
Óleo de Linhaça,Ação; Anti-inflamatória
Mucuna,Doença de Parkinson; Devido; LDopa
Mucuna,Auxilia; Disfunção Erétil
Mucuna,Auxilia; Impotência
Mucuna,Atua como; Afrodisíaco
Mucuna,Aumentar; Testosterona
Mucuna,Anabólico
Mucuna,Androgênico
Mucuna,Ajudando; Estimular; Hormônio Crescimento
Mucuna,Auxilia; Redução; Peso
Mucuna,Fortalecendo; Músculos
Melatonina,Combate; Insônia
Melatonina,Auxilia; Depressão
Melatonina,Estimuladora; Imunidade
Melatonina,Melhora; Qualidade; Sono
Manganês Quelato,Auxilia; Controle; Diabetes
Manganês Quelato,Diminui; Risco; Artrite; Reumatoide
Manganês Quelato,Previne; Osteoporose
Manganês Quelato,Metabolismo; Ácidos Graxos
Magnésio Treonato,Melhora; Capacidade Aprendizado
Magnésio Treonato,Melhora; Memória
Magnésio Treonato,Melhora; Cognição
Magnésio Treonato,Reduz; Ansiedade
Magnésio Treonato,Redução; Estresse
Magnésio Treonato,Aumenta; Disposição; Prática; Atividades Cotidianas
Magnésio Treonato,Redução; Fadiga; Física
Magnésio Treonato,Reduz; Cansaço Mental
Magnésio Dimalato,Aumenta; Capacidade; Cerebral
Magnésio Dimalato,Aumento; Força Muscular
Magnésio Dimalato,Diminui; Fadiga
Magnésio Dimalato,Ação; Anti-inflamatória
Magnésio Dimalato,Apoia; Sistema Imunológico; Saudável
Magnésio Dimalato,Aumenta; Energia
Magnésio Dimalato,Função; Cardiovascular; Saudável
Maca Peruana,Aumenta; Libido
Maca Peruana,Melhora; Força
Maca Peruana,Desempenho; Físico
Maca Peruana,Aumenta; Energia
Maca Peruana,Promove; Redução; Fadiga
Maca Peruana,Memória; Concentração
Maca Peruana,Fortalece; Sistema Imunológico
Maca Peruana,Reduz; Sintomas; TPM
L-Arginina Aspartato,Estimulante; Ganho; Massa Muscular
L-Arginina Aspartato,Fortalece; Sistema Imunológico
L-Arginina Aspartato,Auxilia; Cicatrização; Tecidos
L-Arginina Aspartato,Controle; Níveis; Colesterol
L-Arginina Aspartato,Auxilia; Tratamento; Hiperamonemia
Iodo (Lugol 2%),Suplementação; Iodo
Iodo (Lugol 2%),Auxilia; Prevenção; Bócio
Iodo (Lugol 2%),Suporta; Bom Funcionamento; Tireoide
Iodo (Lugol 2%),Suporta; Sistema Imunológico
Iodo (Lugol 2%),Auxilia; Desintoxicação; Organismo
Goji Berry,Potente; Ação; Antioxidante
Goji Berry,Ação; Antienvelhecimento
Goji Berry,Ação; Anti-inflamatória
Goji Berry,Auxilia; Emagrecimento
Goji Berry,Aumento; Imunidade
Glutamina,Manutenção; Sistema Imunológico
Glutamina,Regula; Síntese; Degradação Proteínas
Glutamina,Remove; Excesso; Nitrogênio
Glutamina,Remove; Excesso; Amônia
Glutamina,Controle; Catabolismo
Glutamina,Controle; Anabolismo
Gengibre,Auxilia; Problemas Digestivos
Gengibre,Ação; Anti-inflamatória
Gengibre,Auxilia; Alívio; Dores; Artrite
Gengibre,Auxilia; Alívio; Dores Musculares
Gengibre,Auxilia; Redução; Infecções; Trato Respiratório
Gengibre,Auxilia; Redução; Tosse
Gengibre,Auxilia; Redução; Bronquite
Gengibre,Auxilia; Acelerar; Metabolismo
Gaba,Combate; Ansiedade
Gaba,Combate; Estresse
Gaba,Tratamento; Memória
Gaba,Combate; Insônia
Fosfatidilserina,Melhora; Função Cognitiva
Fosfatidilserina,Aumenta; Capacidade; Cerebral
Fosfatidilserina,Auxilia; Tratamento; Alzheimer
Fosfatidilserina,Melhora; Concentração
Fosfatidilserina,Melhora; Memória
Ferro Quelato,Estimulante; Sistema Imunológico
Ferro Quelato,Tratamento; Prevenção; Anemia
Ferro Quelato,Melhora; Desempenho Físico
Ferro Quelato,Diminuição; Cansaço; Fadiga
Ferro Quelato,Auxilia; Metabolização; Vitaminas; Complexo B
Erva de São João,Comprovadamente; Alivia; Sintomas; Depressão; Suave; Moderada
Erva de São João,Pode; Promover; Sono; Regenerador
Erva de São João,Uso Topico; Ajuda; Curar; Queimaduras
Erva de São João,Uso Topico; Ajuda; Curar; Ferimentos
Erva de São João,Pode; Suportar; Humor; Saudável
Erva de São João,Pode; Ajudar; Função; Sistema Imunológico; Saudável; 
Cromo de Picolinato,Auxilia; Controle; Diabetes
Cromo de Picolinato,Auxilia; Queima Gordura
Cromo de Picolinato,Ajuda; Perda de Peso
Cromo de Picolinato,Controle; Níveis; Colesterol
Cromo de Picolinato,Estimulante; Ganho; Massa Muscular
Cromo de Picolinato,Aumenta; Níveis; Energia
Creatina,Fornece; Energia; Treinos
Creatina,Facilita; Recuperação; Muscular
Creatina,Melhora; Rendimento; Durante; Prática; Atividade Física; 
Creatina,Aumenta; Volume; Muscular
Cranberry,Ótimo; Infecção; Urinária
Cranberry,Ajuda; Tratamento; Câncer
Cranberry,Ajuda; Tratamento; Doenças Cardiovasculares
Cranberry,Bom; Problemas; Bexiga
Cranberry,Bom; Pedra; Rins
Cranberry,Previne; Problemas; Dentais
Cranberry,Antioxidante
Cranberry,Ajuda; Perda de Peso
Cranberry,Melhora; Saúde Mental
Cranberry,Melhora; Sistema Imunológico
Cranberry,Deixa; Pele; Bonita
Coenzima Q10,Poderoso; Antioxidante; Combate; Radicais Livres
Coenzima Q10,Auxilia; Prevenção; Envelhecimento; Precoce
Coenzima Q10,Melhora; Saúde Cardiovascular
Coenzima Q10,Melhora; Índice Glicêmico
Coenzima Q10,Aumenta; Energia
Coenzima Q10,Ajuda; Produção; Energia
Coenzima Q10,Auxiliando; Fortalecendo; Saúde; Sistema Imunológico
Cobre,Auxiliando; Fortalecendo; Saúde; Sistema Imunológico
Cobre,Melhora; Saúde Ossos
Cobre,Formação; Colágeno
Cobre,Suporta; Bom Funcionamento; Tireoide
Cobre,Tratamento; Prevenção; Anemia
Cobre,Auxilia; Prevenção; Doenças Cardiovasculares
Cobre,Auxilia; Prevenção; Doenças Neurodegenerativas
Cobre,Melhora; Função Cognitiva
Chlorella,Inibidor; Apetite
Chlorella,Auxiliando; Perda de Peso
Chlorella,Repositor; Energético; Nutrientes; Vitaminas; Minerais
Chlorella,Regeneração Celular
Chlorella,Normalizador; Funções; Gastrointestinais
Chlorella,Reduz; Envelhecimento; Precoce
Chlorella,Fortalece; Sistema Imunológico
Chá Verde,Potente; Ação; Antioxidante
Chá Verde,Auxilia; Acelerar; Metabolismo
Chá Verde,Auxilia; Acelerar; Metabolismo
Chá Verde,Ação; Anti-inflamatória
Chá Verde,Auxilia; Digestão
Cálcio,Suplementação; Cálcio
Cálcio,Contribui; Formação; Fatores; Coagulação
Cálcio,Auxiliando; Fortalecendo; Saúde Óssea
Ashwagandha,Aumento; Força Muscular
Ashwagandha,Auxilia; Saúde; Sexual
Ashwagandha,Auxilia; Combate; Estresse
Ashwagandha,Combate; Insônia
Aminoácidos Essenciais (Mix Right ),Rápido; Ganho; Massa Muscular
Aminoácidos Essenciais (Mix Right ),Aumento; Força Muscular
Aminoácidos Essenciais (Mix Right ),Diminuição; Dano Muscular; Durante; Exercício
Aminoácidos Essenciais (Mix Right ),Aumenta; Transporte Oxigênio
Aminoácidos Essenciais (Mix Right ),Promove; Redução; Fadiga
Aminoácidos Essenciais (Mix Right ),Aumenta; Níveis; Serotonina; Cérebro
Aminoácidos Essenciais (Mix Right ),Papel; Importante; Modulação; Atividade Cerebral
Ácido Alfa Lipóico (Ala),Atividade; Antioxidante; Potente
Ácido Alfa Lipóico (Ala),Inibidor; Processos Inflamatórios; Células
Ácido Alfa Lipóico (Ala),Previne; Doenças Cardiovasculares
Ácido Alfa Lipóico (Ala),Aumenta; Energia
Ácido Alfa Lipóico (Ala),Auxilia; Proteção; Hepática
Ácido Alfa Lipóico (Ala),Previne; Envelhecimento; Precoce
Ácido Alfa Lipóico (Ala),Auxilia; Controle; Diabetes
Ácido Alfa Lipóico (Ala),Auxilia; Emagrecimento; Controle de Peso
Acetil-L-carnitina,Melhora; Memória
Acetil-L-carnitina,Melhora; Cognição
Acetil-L-carnitina,Ação; Antioxidante
Acetil-L-carnitina,Hepatoprotetor
Acetil-L-carnitina,Ação; Anti-inflamatória
Açafrão (Curcuma),Potente; Ação; Antioxidante
Açafrão (Curcuma),Ação; Anti-inflamatória
Açafrão (Curcuma),Auxilia; Proteção; Hepática
Açafrão (Curcuma),Auxilia; Saúde Cardiovascular
Açafrão (Curcuma),Previne; Envelhecimento; Precoce
5 Htp (Grifonia Simplicifolia),Compulsão; Doces
5 Htp (Grifonia Simplicifolia),Redução; Estresse
5 Htp (Grifonia Simplicifolia),Auxilia; Tratamento; Fibromialgia
5 Htp (Grifonia Simplicifolia),Combate; Insônia