Termo Concatenado,Termo
Suporta; Sistema Imunológico,Suporta
Regula; Atividade  Mental,Regula
Promove; Saúde Cardíaca,Promove
Previne; Doenças Virais,Previne
Previne; Doenças Cardiovasculares,Previne
Previne; Doenças Bacterianas,Previne
Prevenção; Doenças Cardíacas,Prevenção
Melhora; Sistema Imunológico,Melhora
Melhora; Desempenho Físico,Melhora
Melhora; Saúde Ossos,Melhora
Melhora; Saúde Geral,Melhora
Melhora; Saúde Cardiovascular,Melhora
Melhora; Saúde Mental,Melhora
Melhora; Função Cognitiva,Melhora
Melhora; Capacidade Aprendizado,Melhora
Manutenção; Sistema Imunológico,Manutenção
Fortalece; Sistema Imunológico,Fortalece
Fortalece; Saúde Cardiovascular,Fortalece
Estimulante; Sistema Imunológico,Estimulante
Estimula; Sistema Neurológico,Estimula
Essencial; Crescimento Celular,Essencial
Essencial; Recuperação Celular,Essencial
Envolvido; Metabolismo Celular,Envolvido
Diminuir; Dores Inflamatórias,Diminuir
Contribui; Formação Sanguínea,Contribui
Contribui; Pigmentação Cabelo,Contribui
Auxilia; Saúde Cardiovascular,Auxilia
Auxilia; Saúde Cardiovascular,Auxilia
Auxilia; Queima Gordura,Auxilia
Auxilia; Proteção Hepática,Auxilia
Auxilia; Problemas Digestivos,Auxilia
Auxilia; Disfunção Erétil,Auxilia
Ativa; Sistema Imunológico,Ativa
Melhora; Circulação Sanguínea,Melhora
Apresenta; Ação Antiinflamatória,Apresenta
Ajuda; Queima Gordura,Ajuda
Ajuda; Perda de Peso,Ajuda
Volume; Cabelo,Volume
Tratamento; Memória,Tratamento
Suplementação; Iodo,Suplementação
Suplementação; Cálcio,Suplementação
Suplementação; Alimentar,Suplementação
Síntese; Rna,Síntese
Síntese; DNA,Síntese
Síntese; Mielina,Síntese
Relaxamento; Corpo,Relaxamento
Relaxamento; Mente,Relaxamento
Reduzir; Fadiga,Reduzir
Reduz; Cansaço Mental,Reduz
Reduz; Pressão Alta,Reduz
Reduz; Ansiedade,Reduz
Redução; Estresse,Redução
Proteção; Estresse Oxidativo,Proteção
Principal; Esteróide,Principal
Previne; Cataratas,Previne
Previne; Osteoporose,Previne
Prevenir; Perda Óssea,Prevenir
Prevenção; Hipertensão,Prevenção
Prevenção; Osteoporose,Prevenção
Precursor; Cortisol,Precursor
Precursor; Progesterona,Precursor
Precursor; Alopregnanolona,Precursor
Ação; Imunoestimulante,Ação
Poderoso; Antioxidante,Poderoso
Peso; Ideal,Peso
Perder; Peso,Perder
Perder; Barriga,Perder
Perda; Peso,Perda
Pele; Mais Jovem,Pele
Pele; Hidratada,Pele
Pele; Maior Elasticidade,Pele
Metabolismo; Carboidratos,Metabolismo
Metabolismo; Aminoácidos,Metabolismo
Metabolismo; Aminoácidos,Metabolismo
Metabolismo; Proteínas,Metabolismo
Memória; Concentração,Memória
Melhora; Sono,Melhora
Melhora; Despertar,Melhora
Melhora; Desempenho Cognitivo,Melhora
Melhora; Desempenho Atlético,Melhora
Melhora; Memória,Melhora
Melhora; Cognição,Melhora
Melhora; Aprendizado,Melhora
Melhora; Cognição,Melhora
Melhora; Concentração,Melhora
Melhora; Visão,Melhora
Melhora; Reprodução,Melhora
Melhora; Força,Melhora
Melhora; Atenção,Melhora
Massa; Muscular,Massa
Manutenção; Unhas,Manutenção
Manutenção; Pele,Manutenção
Manutenção; Mucosa,Manutenção
Manutenção; Mielina,Manutenção
Libido; Masculino,Libido
Libido; Feminino,Libido
Inibidor; Apetite,Inibidor
Impulsiona; Imunidade,Impulsiona
Humor; Saudável,Humor
Fortalecimento; Unhas,Fortalecimento
Fortalecendo; Músculos,Fortalecendo
Formação; DNA,Formação
Formação; Colágeno,Formação
Estimulante; Sexual,Estimulante
Estimuladora; Sono,Estimuladora
Estimuladora; Imunidade,Estimuladora
Efeito; Imunoestimulante,Efeito
Dormir; Bem,Dormir
Diminuir; Estresse,Diminuir
Diminui; Fadiga,Diminui
Desempenho; Sexual,Desempenho
Desempenho; Físico,Desempenho
Definição; Muscular,Definição
Crescimento; Cabelo,Crescimento
Controle; Catabolismo,Controle
Controle; Anabolismo,Controle
Considerado; Neurotransmissor,Considerado
Combate; Estresse,Combate
Combate; Ansiedade,Combate
Combate; Insônia,Combate
Calmante; Natural,Calmante
Biogênese; Mitocondrial,Biogênese
Auxiliando; Perda de Peso,Auxiliando
Auxiliando; Força,Auxiliando
Auxilia; Emagrecimento,Auxilia
Auxilia; Impotência,Auxilia
Auxilia; Ereção,Auxilia
Auxilia; Digestão,Auxilia
Auxilia; Depressão,Auxilia
Aumento; Apetite,Aumento
Aumento; Imunidade,Aumento
Aumento; Força Muscular,Aumento
Aumentar; Peso,Aumentar
Aumentar; Testosterona,Aumentar
Aumenta; Energia,Aumenta
Aumentar; Concentração,Aumentar
Aumenta; Transporte Oxigênio,Aumenta
Aumenta; Potência Masculina,Aumenta
Aumenta; Libido,Aumenta
Aumenta; Imunidade,Aumenta
Aumenta; Energia,Aumenta
Aumenta; Concentração,Aumenta
Aumenta; Desejo Sexual,Aumenta
Atua como; Afrodisíaco,Atua como
Atenua; Rugas,Atenua
Atenua; Linhas Finas de Expressão,Atenua
Ajuda Manter; Membranas Celulares,Ajuda Manter
Ação; Termogênica,Ação
Ação; Antioxidante,Ação
Ação; Antienvelhecimento,Ação
Ação; Anti-inflamatória,Ação
Síntese; Ácidos Graxos; Hormônios Esteróides,Síntese
Contribui; Função Normal; Sistema Psicológico,Contribui
Contribui; Função Normal; Sistema Nervoso,Contribui
Suporta; Bom Funcionamento; Tireoide,Suporta
Regula; Síntese; Degradação Proteínas,Regula
Inibidor; Processos Inflamatórios; Células,Inibidor
Estimulante; Ganho; Massa Muscular,Estimulante
Controle; Níveis; Colesterol,Controle
Contribui; Redução; Cansaço,Contribui
Contribui; Redução; Fadiga,Contribui
Auxiliando; Fortalecimento; Saúde Cardiovascular,Auxiliando
Auxiliando; Fortalecendo; Saúde Óssea,Auxiliando
Auxilia; Reforço; Sistema Imunológico,Auxilia
Auxilia; Funcionamento; Sistema Imunológico,Auxilia
Auxilia; Emagrecimento; Controle de Peso,Auxilia
Auxilia; Alívio; Dores Musculares,Auxilia
Auxilia; Prevenção; Doenças Neurodegenerativas,Auxilia
Auxilia; Prevenção; Doenças Cardiovasculares,Auxilia
Apoia; Sistema Imunológico; Saudável,Apoia
Ajudando; Estimular; Hormônio Crescimento,Ajudando
Ajuda; Tratamento; Doenças Cardiovasculares,Ajuda
Utilizada; Produzir; Energia,Utilizada
Tratar; Desintoxicação; Fígado,Tratar
Tratamento; Prevenção; Anemia,Tratamento
Tratamento; Déficit; Vitamina A,Tratamento
Suporta; Pressão Arterial; Saudável,Suporta
Sintetizado; a partir do; Colesterol,Sintetizado
Remove; Excesso; Nitrogênio,Remove
Remove; Excesso; Amônia,Remove
Regula; Atividades; Fisiológicas,Regula
Regula; Pressão Arterial; Sistêmica,Regula
Reduz; Sintomas; TPM,Reduz
Reduz; Riscos; Hepáticos,Reduz
Reduz; Risco; Ataques Cardiacos,Reduz
Reduz; Envelhecimento; Precoce,Reduz
Reduz; Níveis; Colesterol,Reduz
Rápido; Ganho; Massa Muscular,Rápido
Protege; Sistema; Neurológico,Protege
Protege; Contra; Doenças Circulatórias,Protege
Protege; Contra; Doenças Cardíacas,Protege
Promove; Sinais; Saciedade,Promove
Promove; Relaxamento; Sono,Promove
Promove; Redução; Fadiga,Promove
Promove; Desenvolvimento; Músculos,Promove
Promove; Energia; Natural,Promove
Previne; Problemas; Dentais,Previne
Previne; Envelhecimento; Precoce,Previne
Prevenção; Déficit; Vitamina A,Prevenção
Prevenção; Doenças; Visão,Prevenção
Precursor; Vários; Esteróides,Precursor
Precursor; Dehidroepiandrosterona; DHEA,Precursor
Potente; Adaptógeno; Natural,Potente
Potente; Ação; Antioxidante,Potente
Possui; Ação; Lipotrópica,Possui
Possui; Ação; Antioxidante,Possui
Possui; Ação; Ansiolítica,Possui
Pode; Melhorar; Humor,Pode
Pode; Melhorar; Memória,Pode
Pode; Reduzir; Osteoporose,Pode
Participa; Absorção; Aminoácidos,Participa
Ótimo; Infecção; Urinária,Ótimo
Normalizador; Funções; Gastrointestinais,Normalizador
Metabolismo; Ácidos Graxos,Metabolismo
Melhora; Sintomas; TPM,Melhora
Melhora; Estado; Relaxamento,Melhora
Melhora; Qualidade; Sono,Melhora
Melhora; Ingestão; Alimentos,Melhora
Manutenção; Visão; Saudável,Manutenção
Mantém; Hemácias; Saudáveis,Mantém
Mantém; Células Nervosas; Saudáveis,Mantém
Maior; Espessura; Cabelos,Maior
Maior; Espessura; Unha,Maior
Maior; Densidade; Cabelos,Maior
Maior; Densidade; Unhas,Maior
Impulsiona; Níveis; Energia,Impulsiona
Grande; Quantidade; Proteínas,Grande
Fundamental; Durante; Envelhecimento,Fundamental
Função; Cardiovascular; Saudável,Função
Fornece; Mais; Energia,Fornece
Fornece; Energia; Treinos,Fornece
Formação; Células; Sangue,Formação
Formação; Células; Intestino,Formação
Facilita; Recuperação; Muscular,Facilita
Estimula; Síntese; Proteínas Estruturais,Estimula
Estimula; Síntese; Fibroblastos,Estimula
Estimula; Síntese; Colágeno,Estimula
Essencial; Saúde; Células Sanguíneas Vermelhas,Essencial
Essencial; Produção; Proteínas,Essencial
Essencial; Produção; Aminoácidos,Essencial
Eleva; Nível; Desenvolvimento Muscular,Eleva
Doença de Parkinson; Devido; LDopa,Doença de Parkinson
Diminuição; Níveis; LDL,Diminuição
Diminuição; Níveis; Colesterol Total,Diminuição
Diminuição; Cansaço; Fadiga,Diminuição
Diminuição; Deficiências; Envelhecimento,Diminuição
Diminui; Sintomas; Menopausa,Diminui
Diminui; Níveis; Triglicérides,Diminui
Diminui; Níveis; Colesterol,Diminui
Diminui; Retenção; Líquidos,Diminui
Diferenciação; Células; Epiteliais,Diferenciação
Deixa; Pele; Bonita,Deixa
Crescimento; Todos; Tecidos,Crescimento
Correção; Distúrbios; Fuso Horário,Correção
Controle; Níveis; Açúcar,Controle
Combate; Fadiga; Neuromuscular,Combate
Coadjuvante; Prevenção; Osteoporose,Coadjuvante
Coadjuvante; Melhora; Saude Mental,Coadjuvante
Coadjuvante; Melhora; Estresse Físico,Coadjuvante
Capacidade; Desintoxicar; Várias Drogas,Capacidade
Capacidade; Desintoxicar; Metais Pesados,Capacidade
Capacidade; Desintoxicar; Gorduras Peroxidadas,Capacidade
Capacidade; Desintoxicar; Fumaça Cigarro,Capacidade
Capacidade; Desintoxicar; Álcool,Capacidade
Bom; Problemas; Bexiga,Bom
Bom; Pedra; Rins,Bom
Boa; Fonte; Vitaminas,Boa
Boa; Fonte; Minerais,Boa
Auxilia; Saúde; Sexual,Auxilia
Auxilia; Proteção; Hepática,Auxilia
Auxilia; Prevenção; Bócio,Auxilia
Auxilia; Prevenção; Arteriosclerose,Auxilia
Auxilia; Formação; Células Vermelhas,Auxilia
Auxilia; Digestão; Lactose,Auxilia
Auxiliando; Ganho; Massa Magra,Auxiliando
Auxilia; Redução; Tosse,Auxilia
Auxilia; Redução; Bronquite,Auxilia
Auxilia; Tratamento; Colesterol,Auxilia
Auxilia; Tratamento; Alzheimer,Auxilia
Auxilia; Tratamento; Fibrose Cística,Auxilia
Auxilia; Tratamento; Hiperamonemia,Auxilia
Auxilia; Tratamento; Diabetes,Auxilia
Auxilia; Transporte; Ferro,Auxilia
Auxilia; Metabolismo; Energético,Auxilia
Auxilia; Fortalecimento; Ossos,Auxilia
Auxilia; Desenvolvimento; Feto,Auxilia
Auxilia; Crescimento; Ósseo,Auxilia
Auxilia; Controle; Colesterol,Auxilia
Auxilia; Controle; Diabetes,Auxilia
Auxilia; Combate; Estresse,Auxilia
Auxilia; Tensão; Nervosa,Auxilia
Auxilia; Redução; Peso,Auxilia
Auxilia; Recuperação; Muscular,Auxilia
Auxilia; Prevenção; Alzheimer,Auxilia
Auxilia; Prevenção; Parkinson,Auxilia
Auxilia; Má Absorção; Gorduras,Auxilia
Auxilia; Desintoxicação; Organismo,Auxilia
Auxilia; Cicatrização; Tecidos,Auxilia
Auxilia; Absorção; Ferro,Auxilia
Auxilia; Acelerar; Metabolismo,Auxilia
Aumentar; Desempenho Cognitivo; Idosos,Aumentar
Aumenta; Níveis; Testosterona,Aumenta
Aumenta; Volume; Muscular,Aumenta
Aumenta; Capacidade; Cerebral,Aumenta
Aumenta; Absorção; Cálcio,Aumenta
Atua na; Produção; Colágeno,Atua na
Atividade; Antioxidante; Potente,Atividade
Ajuda; Reduzir; Pressão Alta,Ajuda
Ajuda; Funcionamento; Rins,Ajuda
Ajuda; Tratamento; Câncer,Ajuda
Ajuda; Produção; Energia,Ajuda
Ajuda; Formação; Sangue,Ajuda
Ajuda; Absorção; Magnésio,Ajuda
Ajuda; Absorção; Cálcio,Ajuda
Ajuda; Curar; Ferimentos,Ajuda
Ajuda; Aliviar; Glaucoma,Ajuda
Ajuda; Aliviar; Estresse,Ajuda
Redução; Fadiga; Física,Redução
Melhora; Pressão Arterial; Baixa,Melhora
Aumenta; Níveis; Energia,Aumenta
Coadjuvante; Produção Hormônio; Aumenta; Formação Óssea,Coadjuvante
Uso Topico; Ajuda; Curar; Queimaduras,Uso Topico
Uso Topico; Ajuda; Curar; Ferimentos,Uso Topico
Pode; Ajudar; Desacelerar; Processo Envelhecimento,Pode
Papel; Importante; Modulação; Atividade Cerebral,Papel
Melhora; Absorção; Alimentos; Suplementos,Melhora
Fornece; Proteção; Isquêmica; Tecidos Cardíacos,Fornece
Auxilia; Tratamento; Dores Crônicas; Fibromialgia,Auxilia
Usado; Produzir; Hormônios; Esteróides,Usado
Suporta; Função; Fígado; Saudável,Suporta
Regula; Níveis; Açúcar; Sangue,Regula
Proporciona; Benefícios; Cosméticos; Pele,Proporciona
Promove; Aumento; Elasticidade; Pele,Promove
Promove; Eliminação; Adequada; Resíduos,Promove
Possui; Ação; Reguladora; Humor,Possui
Ação Preventiva; Doenças; Degenerativas; Pâncreas,Ação Preventiva
Poderoso; Antioxidante; Combate; Radicais Livres,Poderoso
Pode; Suportar; Humor; Saudável,Pode
Pode; Promover; Sono; Regenerador,Pode
Pode; Prevenir; Desenvolvimento; Arteriosclerose,Pode
Pode; Prevenir; Progressão; Arteriosclerose,Pode
Papel; Regulação; Mecanismos; Depressão,Papel
Papel; Regulação; Mecanismos; Ansiedade,Papel
Manutenção; Geral; Todos; Tecidos,Manutenção
Induz; Relaxamento; Sem; Sono,Induz
Impulsiona; Capacidades; Defesa Natural; Corpo,Impulsiona
Fornece; Proteção; Contra; Doenças Crônicas,Fornece
Formação; Células; Tecido; Fetal,Formação
Estimula; Produção; Células; Ósseas,Estimula
Essencial; Manter; Saúde; Cólon,Essencial
Diminuição; Dano Muscular; Durante; Exercício,Diminuição
Diminui; Risco; Artrite; Reumatoide,Diminui
Diminui; Excreção; Cálcio; Urina,Diminui
deve ser; Suplementada; Durante; Gestação,deve ser
Contribui; Pigmentação; Pele; Organismo,Contribui
Contribui; Formação; Fatores; Coagulação,Contribui
Colabora; Vitamina E; Funcionento; Eficiente,Colabora
Colabora; Vitamina C; Funcionento; Eficiente,Colabora
Auxilia; Tratamento; Doenças; Degenerativas,Auxilia
Auxilia; Ganho; Massa Muscular; Magra,Auxilia
Auxilia; Redução; Peso; Diminui Apetite,Auxilia
Auxilia; Prevenção; Envelhecimento; Precoce,Auxilia
Auxiliando; Fortalecendo; Saúde; Sistema Imunológico,Auxiliando
Auxilia; Redução; Infecções; Trato Respiratório,Auxilia
Auxilia; Alívio; Dores; Artrite,Auxilia
Auxilia; Metabolização; Vitaminas; Complexo B,Auxilia
Auxilia; Melhora; Sintomas; Tpm,Auxilia
Auxilia; Melhora; Sintomas; Depressão,Auxilia
Auxilia; Manutenção; Tecidos; Conjuntivos,Auxilia
Aumenta; Níveis; Serotonina; Cérebro,Aumenta
Aumenta; Consideravelmente; Níveis; Gh,Aumenta
Aumenta; Produção; Natural; Testosterona,Aumenta
Aumenta; Disposição; Prática; Atividades Cotidianas,Aumenta
Aumenta; Absorção; Intestinal; Cálcio,Aumenta
Aumenta; Absorção; Cálcio; Ossos,Aumenta
Aumenta; Absorção; Cálcio; Dentes,Aumenta
Associada; Melhora; Desempenho; Tarefas Cognitivas,Associada
Apoia; Função; Nervosa; Saudável,Apoia
Ajuda; Controle; Equilíbrio; Água Do Corpo,Ajuda
Ajuda; Aumentar; Glutationa; Desintoxicação,Ajuda
Recupera; Bactérias Boas; Encontradas; Trato Digestivo; Saudável; ,Recupera
Melhora; Rendimento; Durante; Prática; Atividade Física; ,Melhora
Auxilia; Vitamina D; Sintetizar; Proteína Reguladora; Ossos; ,Auxilia
Ajuda Organismo; Converter; Alimento; Em; Glicose; ,Ajuda Organismo
Promove; Melhora; Absorção; Nutrientes; Essenciais; ,Promove
Pode; Ajudar; Função; Sistema Imunológico; Saudável; ,Pode
Auxilia; Proteção; Contra; Ação; Radicais Livres; ,Auxilia
Ajuda; Suportar; Função; Imunológica; Saudável; ,Ajuda
Ajuda; Proteger; Retina; Olhos; Degeneração; ,Ajuda
Ajuda; Proteger; Cristalino; Olhos; Degeneração; ,Ajuda
Ajuda; Converter; Alimentos; Em; Energia; ,Ajuda
Promove; Equilíbrio; Saudável; Açúcar; Sangue; ,Promove
Repositor; Energético; Nutrientes; Vitaminas; Minerais; ,Repositor
Comprovadamente; Alivia; Sintomas; Depressão; Suave; Moderada,Comprovadamente
Suporta; Sistema Imunológico,Sistema Imunológico
Regula; Atividade  Mental,Atividade  Mental
Promove; Saúde Cardíaca,Saúde Cardíaca
Previne; Doenças Virais,Doenças Virais
Previne; Doenças Cardiovasculares,Doenças Cardiovasculares
Previne; Doenças Bacterianas,Doenças Bacterianas
Prevenção; Doenças Cardíacas,Doenças Cardíacas
Melhora; Sistema Imunológico,Sistema Imunológico
Melhora; Desempenho Físico,Desempenho Físico
Melhora; Saúde Ossos,Saúde Ossos
Melhora; Saúde Geral,Saúde Geral
Melhora; Saúde Cardiovascular,Saúde Cardiovascular
Melhora; Saúde Mental,Saúde Mental
Melhora; Função Cognitiva,Função Cognitiva
Melhora; Capacidade Aprendizado,Capacidade Aprendizado
Manutenção; Sistema Imunológico,Sistema Imunológico
Fortalece; Sistema Imunológico,Sistema Imunológico
Fortalece; Saúde Cardiovascular,Saúde Cardiovascular
Estimulante; Sistema Imunológico,Sistema Imunológico
Estimula; Sistema Neurológico,Sistema Neurológico
Essencial; Crescimento Celular,Crescimento Celular
Essencial; Recuperação Celular,Recuperação Celular
Envolvido; Metabolismo Celular,Metabolismo Celular
Diminuir; Dores Inflamatórias,Dores Inflamatórias
Contribui; Formação Sanguínea,Formação Sanguínea
Contribui; Pigmentação Cabelo,Pigmentação Cabelo
Auxilia; Saúde Cardiovascular,Saúde Cardiovascular
Auxilia; Saúde Cardiovascular,Saúde Cardiovascular
Auxilia; Queima Gordura,Queima Gordura
Auxilia; Proteção Hepática,Proteção Hepática
Auxilia; Problemas Digestivos,Problemas Digestivos
Auxilia; Disfunção Erétil,Disfunção Erétil
Ativa; Sistema Imunológico,Sistema Imunológico
Melhora; Circulação Sanguínea,Circulação Sanguínea
Apresenta; Ação Antiinflamatória,Ação Antiinflamatória
Ajuda; Queima Gordura,Queima Gordura
Ajuda; Perda de Peso,Perda de Peso
Volume; Cabelo,Cabelo
Tratamento; Memória,Memória
Suplementação; Iodo,Iodo
Suplementação; Cálcio,Cálcio
Suplementação; Alimentar,Alimentar
Síntese; Rna,Rna
Síntese; DNA,DNA
Síntese; Mielina,Mielina
Relaxamento; Corpo,Corpo
Relaxamento; Mente,Mente
Reduzir; Fadiga,Fadiga
Reduz; Cansaço Mental,Cansaço Mental
Reduz; Pressão Alta,Pressão Alta
Reduz; Ansiedade,Ansiedade
Redução; Estresse,Estresse
Proteção; Estresse Oxidativo,Estresse Oxidativo
Principal; Esteróide,Esteróide
Previne; Cataratas,Cataratas
Previne; Osteoporose,Osteoporose
Prevenir; Perda Óssea,Perda Óssea
Prevenção; Hipertensão,Hipertensão
Prevenção; Osteoporose,Osteoporose
Precursor; Cortisol,Cortisol
Precursor; Progesterona,Progesterona
Precursor; Alopregnanolona,Alopregnanolona
Ação; Imunoestimulante,Imunoestimulante
Poderoso; Antioxidante,Antioxidante
Peso; Ideal,Ideal
Perder; Peso,Peso
Perder; Barriga,Barriga
Perda; Peso,Peso
Pele; Mais Jovem,Mais Jovem
Pele; Hidratada,Hidratada
Pele; Maior Elasticidade,Maior Elasticidade
Metabolismo; Carboidratos,Carboidratos
Metabolismo; Aminoácidos,Aminoácidos
Metabolismo; Aminoácidos,Aminoácidos
Metabolismo; Proteínas,Proteínas
Memória; Concentração,Concentração
Melhora; Sono,Sono
Melhora; Despertar,Despertar
Melhora; Desempenho Cognitivo,Desempenho Cognitivo
Melhora; Desempenho Atlético,Desempenho Atlético
Melhora; Memória,Memória
Melhora; Cognição,Cognição
Melhora; Aprendizado,Aprendizado
Melhora; Cognição,Cognição
Melhora; Visão,Visão
Melhora; Reprodução,Reprodução
Melhora; Força,Força
Melhora; Atenção,Atenção
Massa; Muscular,Muscular
Manutenção; Unhas,Unhas
Manutenção; Pele,Pele
Manutenção; Mucosa,Mucosa
Manutenção; Mielina,Mielina
Libido; Masculino,Masculino
Libido; Feminino,Feminino
Inibidor; Apetite,Apetite
Impulsiona; Imunidade,Imunidade
Humor; Saudável,Saudável
Fortalecimento; Unhas,Unhas
Fortalecendo; Músculos,Músculos
Formação; DNA,DNA
Formação; Colágeno,Colágeno
Estimulante; Sexual,Sexual
Estimuladora; Sono,Sono
Estimuladora; Imunidade,Imunidade
Efeito; Imunoestimulante,Imunoestimulante
Dormir; Bem,Bem
Diminuir; Estresse,Estresse
Diminui; Fadiga,Fadiga
Desempenho; Sexual,Sexual
Desempenho; Físico,Físico
Definição; Muscular,Muscular
Crescimento; Cabelo,Cabelo
Controle; Catabolismo,Catabolismo
Controle; Anabolismo,Anabolismo
Considerado; Neurotransmissor,Neurotransmissor
Combate; Estresse,Estresse
Combate; Ansiedade,Ansiedade
Combate; Insônia,Insônia
Calmante; Natural,Natural
Biogênese; Mitocondrial,Mitocondrial
Auxiliando; Perda de Peso,Perda de Peso
Auxiliando; Força,Força
Auxilia; Emagrecimento,Emagrecimento
Auxilia; Impotência,Impotência
Auxilia; Ereção,Ereção
Auxilia; Digestão,Digestão
Auxilia; Depressão,Depressão
Aumento; Apetite,Apetite
Aumento; Imunidade,Imunidade
Aumento; Força Muscular,Força Muscular
Aumentar; Peso,Peso
Aumentar; Testosterona,Testosterona
Aumenta; Energia,Energia
Aumentar; Concentração,Concentração
Aumenta; Transporte Oxigênio,Transporte Oxigênio
Aumenta; Potência Masculina,Potência Masculina
Aumenta; Libido,Libido
Aumenta; Imunidade,Imunidade
Aumenta; Energia,Energia
Aumenta; Concentração,Concentração
Aumenta; Desejo Sexual,Desejo Sexual
Atua como; Afrodisíaco,Afrodisíaco
Atenua; Rugas,Rugas
Atenua; Linhas Finas de Expressão,Linhas Finas de Expressão
Ajuda Manter; Membranas Celulares,Membranas Celulares
Ação; Termogênica,Termogênica
Ação; Antioxidante,Antioxidante
Ação; Antienvelhecimento,Antienvelhecimento
Ação; Anti-inflamatória,Anti-inflamatória
Síntese; Ácidos Graxos; Hormônios Esteróides,Ácidos Graxos
Contribui; Função Normal; Sistema Psicológico,Função Normal
Contribui; Função Normal; Sistema Nervoso,Função Normal
Suporta; Bom Funcionamento; Tireoide,Bom Funcionamento
Regula; Síntese; Degradação Proteínas,Síntese
Inibidor; Processos Inflamatórios; Células,Processos Inflamatórios
Estimulante; Ganho; Massa Muscular,Ganho
Controle; Níveis; Colesterol,Níveis
Contribui; Redução; Cansaço,Redução
Contribui; Redução; Fadiga,Redução
Auxiliando; Fortalecimento; Saúde Cardiovascular,Fortalecimento
Auxiliando; Fortalecendo; Saúde Óssea,Fortalecendo
Auxilia; Reforço; Sistema Imunológico,Reforço
Auxilia; Funcionamento; Sistema Imunológico,Funcionamento
Auxilia; Emagrecimento; Controle de Peso,Emagrecimento
Auxilia; Alívio; Dores Musculares,Alívio
Auxilia; Prevenção; Doenças Neurodegenerativas,Prevenção
Auxilia; Prevenção; Doenças Cardiovasculares,Prevenção
Apoia; Sistema Imunológico; Saudável,Sistema Imunológico
Ajudando; Estimular; Hormônio Crescimento,Estimular
Ajuda; Tratamento; Doenças Cardiovasculares,Tratamento
Utilizada; Produzir; Energia,Produzir
Tratar; Desintoxicação; Fígado,Desintoxicação
Tratamento; Prevenção; Anemia,Prevenção
Tratamento; Déficit; Vitamina A,Déficit
Suporta; Pressão Arterial; Saudável,Pressão Arterial
Sintetizado; a partir do; Colesterol,a partir do
Remove; Excesso; Nitrogênio,Excesso
Remove; Excesso; Amônia,Excesso
Regula; Atividades; Fisiológicas,Atividades
Regula; Pressão Arterial; Sistêmica,Pressão Arterial
Reduz; Sintomas; TPM,Sintomas
Reduz; Riscos; Hepáticos,Riscos
Reduz; Risco; Ataques Cardiacos,Risco
Reduz; Envelhecimento; Precoce,Envelhecimento
Reduz; Níveis; Colesterol,Níveis
Rápido; Ganho; Massa Muscular,Ganho
Protege; Sistema; Neurológico,Sistema
Protege; Contra; Doenças Circulatórias,Contra
Protege; Contra; Doenças Cardíacas,Contra
Promove; Sinais; Saciedade,Sinais
Promove; Relaxamento; Sono,Relaxamento
Promove; Redução; Fadiga,Redução
Promove; Desenvolvimento; Músculos,Desenvolvimento
Promove; Energia; Natural,Energia
Previne; Problemas; Dentais,Problemas
Previne; Envelhecimento; Precoce,Envelhecimento
Prevenção; Déficit; Vitamina A,Déficit
Prevenção; Doenças; Visão,Doenças
Precursor; Vários; Esteróides,Vários
Precursor; Dehidroepiandrosterona; DHEA,Dehidroepiandrosterona
Potente; Adaptógeno; Natural,Adaptógeno
Potente; Ação; Antioxidante,Ação
Possui; Ação; Lipotrópica,Ação
Possui; Ação; Antioxidante,Ação
Possui; Ação; Ansiolítica,Ação
Pode; Melhorar; Humor,Melhorar
Pode; Melhorar; Memória,Melhorar
Pode; Reduzir; Osteoporose,Reduzir
Participa; Absorção; Aminoácidos,Absorção
Ótimo; Infecção; Urinária,Infecção
Normalizador; Funções; Gastrointestinais,Funções
Metabolismo; Ácidos Graxos,Ácidos Graxos
Melhora; Sintomas; TPM,Sintomas
Melhora; Estado; Relaxamento,Estado
Melhora; Qualidade; Sono,Qualidade
Melhora; Ingestão; Alimentos,Ingestão
Manutenção; Visão; Saudável,Visão
Mantém; Hemácias; Saudáveis,Hemácias
Mantém; Células Nervosas; Saudáveis,Células Nervosas
Maior; Espessura; Cabelos,Espessura
Maior; Espessura; Unha,Espessura
Maior; Densidade; Cabelos,Densidade
Maior; Densidade; Unhas,Densidade
Impulsiona; Níveis; Energia,Níveis
Grande; Quantidade; Proteínas,Quantidade
Fundamental; Durante; Envelhecimento,Durante
Função; Cardiovascular; Saudável,Cardiovascular
Fornece; Mais; Energia,Mais
Fornece; Energia; Treinos,Energia
Formação; Células; Sangue,Células
Formação; Células; Intestino,Células
Facilita; Recuperação; Muscular,Recuperação
Estimula; Síntese; Proteínas Estruturais,Síntese
Estimula; Síntese; Fibroblastos,Síntese
Estimula; Síntese; Colágeno,Síntese
Essencial; Saúde; Células Sanguíneas Vermelhas,Saúde
Essencial; Produção; Proteínas,Produção
Essencial; Produção; Aminoácidos,Produção
Eleva; Nível; Desenvolvimento Muscular,Nível
Doença de Parkinson; Devido; LDopa,Devido
Diminuição; Níveis; LDL,Níveis
Diminuição; Níveis; Colesterol Total,Níveis
Diminuição; Cansaço; Fadiga,Cansaço
Diminuição; Deficiências; Envelhecimento,Deficiências
Diminui; Sintomas; Menopausa,Sintomas
Diminui; Níveis; Triglicérides,Níveis
Diminui; Níveis; Colesterol,Níveis
Diminui; Retenção; Líquidos,Retenção
Diferenciação; Células; Epiteliais,Células
Deixa; Pele; Bonita,Pele
Crescimento; Todos; Tecidos,Todos
Correção; Distúrbios; Fuso Horário,Distúrbios
Controle; Níveis; Açúcar,Níveis
Combate; Fadiga; Neuromuscular,Fadiga
Coadjuvante; Prevenção; Osteoporose,Prevenção
Coadjuvante; Melhora; Saude Mental,Melhora
Coadjuvante; Melhora; Estresse Físico,Melhora
Capacidade; Desintoxicar; Várias Drogas,Desintoxicar
Capacidade; Desintoxicar; Metais Pesados,Desintoxicar
Capacidade; Desintoxicar; Gorduras Peroxidadas,Desintoxicar
Capacidade; Desintoxicar; Fumaça Cigarro,Desintoxicar
Capacidade; Desintoxicar; Álcool,Desintoxicar
Bom; Problemas; Bexiga,Problemas
Bom; Pedra; Rins,Pedra
Boa; Fonte; Vitaminas,Fonte
Boa; Fonte; Minerais,Fonte
Auxilia; Saúde; Sexual,Saúde
Auxilia; Proteção; Hepática,Proteção
Auxilia; Prevenção; Bócio,Prevenção
Auxilia; Prevenção; Arteriosclerose,Prevenção
Auxilia; Formação; Células Vermelhas,Formação
Auxilia; Digestão; Lactose,Digestão
Auxiliando; Ganho; Massa Magra,Ganho
Auxilia; Redução; Tosse,Redução
Auxilia; Redução; Bronquite,Redução
Auxilia; Tratamento; Colesterol,Tratamento
Auxilia; Tratamento; Alzheimer,Tratamento
Auxilia; Tratamento; Fibrose Cística,Tratamento
Auxilia; Tratamento; Hiperamonemia,Tratamento
Auxilia; Tratamento; Diabetes,Tratamento
Auxilia; Transporte; Ferro,Transporte
Auxilia; Metabolismo; Energético,Metabolismo
Auxilia; Fortalecimento; Ossos,Fortalecimento
Auxilia; Desenvolvimento; Feto,Desenvolvimento
Auxilia; Crescimento; Ósseo,Crescimento
Auxilia; Controle; Colesterol,Controle
Auxilia; Controle; Diabetes,Controle
Auxilia; Combate; Estresse,Combate
Auxilia; Tensão; Nervosa,Tensão
Auxilia; Redução; Peso,Redução
Auxilia; Recuperação; Muscular,Recuperação
Auxilia; Prevenção; Alzheimer,Prevenção
Auxilia; Prevenção; Parkinson,Prevenção
Auxilia; Má Absorção; Gorduras,Má Absorção
Auxilia; Desintoxicação; Organismo,Desintoxicação
Auxilia; Cicatrização; Tecidos,Cicatrização
Auxilia; Absorção; Ferro,Absorção
Auxilia; Acelerar; Metabolismo,Acelerar
Aumentar; Desempenho Cognitivo; Idosos,Desempenho Cognitivo
Aumenta; Níveis; Testosterona,Níveis
Aumenta; Volume; Muscular,Volume
Aumenta; Capacidade; Cerebral,Capacidade
Aumenta; Absorção; Cálcio,Absorção
Atua na; Produção; Colágeno,Produção
Atividade; Antioxidante; Potente,Antioxidante
Ajuda; Reduzir; Pressão Alta,Reduzir
Ajuda; Funcionamento; Rins,Funcionamento
Ajuda; Tratamento; Câncer,Tratamento
Ajuda; Produção; Energia,Produção
Ajuda; Formação; Sangue,Formação
Ajuda; Absorção; Magnésio,Absorção
Ajuda; Absorção; Cálcio,Absorção
Ajuda; Curar; Ferimentos,Curar
Ajuda; Aliviar; Glaucoma,Aliviar
Ajuda; Aliviar; Estresse,Aliviar
Redução; Fadiga; Física,Fadiga
Melhora; Pressão Arterial; Baixa,Pressão Arterial
Aumenta; Níveis; Energia,Níveis
Coadjuvante; Produção Hormônio; Aumenta; Formação Óssea,Produção Hormônio
Uso Topico; Ajuda; Curar; Queimaduras,Ajuda
Uso Topico; Ajuda; Curar; Ferimentos,Ajuda
Pode; Ajudar; Desacelerar; Processo Envelhecimento,Ajudar
Papel; Importante; Modulação; Atividade Cerebral,Importante
Melhora; Absorção; Alimentos; Suplementos,Absorção
Fornece; Proteção; Isquêmica; Tecidos Cardíacos,Proteção
Auxilia; Tratamento; Dores Crônicas; Fibromialgia,Tratamento
Usado; Produzir; Hormônios; Esteróides,Produzir
Suporta; Função; Fígado; Saudável,Função
Regula; Níveis; Açúcar; Sangue,Níveis
Proporciona; Benefícios; Cosméticos; Pele,Benefícios
Promove; Aumento; Elasticidade; Pele,Aumento
Promove; Eliminação; Adequada; Resíduos,Eliminação
Possui; Ação; Reguladora; Humor,Ação
Ação Preventiva; Doenças; Degenerativas; Pâncreas,Doenças
Poderoso; Antioxidante; Combate; Radicais Livres,Antioxidante
Pode; Suportar; Humor; Saudável,Suportar
Pode; Promover; Sono; Regenerador,Promover
Pode; Prevenir; Desenvolvimento; Arteriosclerose,Prevenir
Pode; Prevenir; Progressão; Arteriosclerose,Prevenir
Papel; Regulação; Mecanismos; Depressão,Regulação
Papel; Regulação; Mecanismos; Ansiedade,Regulação
Manutenção; Geral; Todos; Tecidos,Geral
Induz; Relaxamento; Sem; Sono,Relaxamento
Impulsiona; Capacidades; Defesa Natural; Corpo,Capacidades
Fornece; Proteção; Contra; Doenças Crônicas,Proteção
Formação; Células; Tecido; Fetal,Células
Estimula; Produção; Células; Ósseas,Produção
Essencial; Manter; Saúde; Cólon,Manter
Diminuição; Dano Muscular; Durante; Exercício,Dano Muscular
Diminui; Risco; Artrite; Reumatoide,Risco
Diminui; Excreção; Cálcio; Urina,Excreção
deve ser; Suplementada; Durante; Gestação,Suplementada
Contribui; Pigmentação; Pele; Organismo,Pigmentação
Contribui; Formação; Fatores; Coagulação,Formação
Colabora; Vitamina E; Funcionento; Eficiente,Vitamina E
Colabora; Vitamina C; Funcionento; Eficiente,Vitamina C
Auxilia; Tratamento; Doenças; Degenerativas,Tratamento
Auxilia; Ganho; Massa Muscular; Magra,Ganho
Auxilia; Redução; Peso; Diminui Apetite,Redução
Auxilia; Prevenção; Envelhecimento; Precoce,Prevenção
Auxiliando; Fortalecendo; Saúde; Sistema Imunológico,Fortalecendo
Auxilia; Redução; Infecções; Trato Respiratório,Redução
Auxilia; Alívio; Dores; Artrite,Alívio
Auxilia; Metabolização; Vitaminas; Complexo B,Metabolização
Auxilia; Melhora; Sintomas; Tpm,Melhora
Auxilia; Melhora; Sintomas; Depressão,Melhora
Auxilia; Manutenção; Tecidos; Conjuntivos,Manutenção
Aumenta; Níveis; Serotonina; Cérebro,Níveis
Aumenta; Consideravelmente; Níveis; Gh,Consideravelmente
Aumenta; Produção; Natural; Testosterona,Produção
Aumenta; Disposição; Prática; Atividades Cotidianas,Disposição
Aumenta; Absorção; Intestinal; Cálcio,Absorção
Aumenta; Absorção; Cálcio; Ossos,Absorção
Aumenta; Absorção; Cálcio; Dentes,Absorção
Associada; Melhora; Desempenho; Tarefas Cognitivas,Melhora
Apoia; Função; Nervosa; Saudável,Função
Ajuda; Controle; Equilíbrio; Água Do Corpo,Controle
Ajuda; Aumentar; Glutationa; Desintoxicação,Aumentar
Recupera; Bactérias Boas; Encontradas; Trato Digestivo; Saudável; ,Bactérias Boas
Melhora; Rendimento; Durante; Prática; Atividade Física; ,Rendimento
Auxilia; Vitamina D; Sintetizar; Proteína Reguladora; Ossos; ,Vitamina D
Ajuda Organismo; Converter; Alimento; Em; Glicose; ,Converter
Promove; Melhora; Absorção; Nutrientes; Essenciais; ,Melhora
Pode; Ajudar; Função; Sistema Imunológico; Saudável; ,Ajudar
Auxilia; Proteção; Contra; Ação; Radicais Livres; ,Proteção
Ajuda; Suportar; Função; Imunológica; Saudável; ,Suportar
Ajuda; Proteger; Retina; Olhos; Degeneração; ,Proteger
Ajuda; Proteger; Cristalino; Olhos; Degeneração; ,Proteger
Ajuda; Converter; Alimentos; Em; Energia; ,Converter
Promove; Equilíbrio; Saudável; Açúcar; Sangue; ,Equilíbrio
Repositor; Energético; Nutrientes; Vitaminas; Minerais; ,Energético
Comprovadamente; Alivia; Sintomas; Depressão; Suave; Moderada,Alivia
Síntese; Ácidos Graxos; Hormônios Esteróides,Hormônios Esteróides
Contribui; Função Normal; Sistema Psicológico,Sistema Psicológico
Contribui; Função Normal; Sistema Nervoso,Sistema Nervoso
Suporta; Bom Funcionamento; Tireoide,Tireoide
Regula; Síntese; Degradação Proteínas,Degradação Proteínas
Inibidor; Processos Inflamatórios; Células,Células
Estimulante; Ganho; Massa Muscular,Massa Muscular
Controle; Níveis; Colesterol,Colesterol
Contribui; Redução; Cansaço,Cansaço
Contribui; Redução; Fadiga,Fadiga
Auxiliando; Fortalecimento; Saúde Cardiovascular,Saúde Cardiovascular
Auxiliando; Fortalecendo; Saúde Óssea,Saúde Óssea
Auxilia; Reforço; Sistema Imunológico,Sistema Imunológico
Auxilia; Funcionamento; Sistema Imunológico,Sistema Imunológico
Auxilia; Emagrecimento; Controle de Peso,Controle de Peso
Auxilia; Alívio; Dores Musculares,Dores Musculares
Auxilia; Prevenção; Doenças Neurodegenerativas,Doenças Neurodegenerativas
Auxilia; Prevenção; Doenças Cardiovasculares,Doenças Cardiovasculares
Apoia; Sistema Imunológico; Saudável,Saudável
Ajudando; Estimular; Hormônio Crescimento,Hormônio Crescimento
Ajuda; Tratamento; Doenças Cardiovasculares,Doenças Cardiovasculares
Utilizada; Produzir; Energia,Energia
Tratar; Desintoxicação; Fígado,Fígado
Tratamento; Prevenção; Anemia,Anemia
Tratamento; Déficit; Vitamina A,Vitamina A
Suporta; Pressão Arterial; Saudável,Saudável
Sintetizado; a partir do; Colesterol,Colesterol
Remove; Excesso; Nitrogênio,Nitrogênio
Remove; Excesso; Amônia,Amônia
Regula; Atividades; Fisiológicas,Fisiológicas
Regula; Pressão Arterial; Sistêmica,Sistêmica
Reduz; Sintomas; TPM,TPM
Reduz; Riscos; Hepáticos,Hepáticos
Reduz; Risco; Ataques Cardiacos,Ataques Cardiacos
Reduz; Envelhecimento; Precoce,Precoce
Reduz; Níveis; Colesterol,Colesterol
Rápido; Ganho; Massa Muscular,Massa Muscular
Protege; Sistema; Neurológico,Neurológico
Protege; Contra; Doenças Circulatórias,Doenças Circulatórias
Protege; Contra; Doenças Cardíacas,Doenças Cardíacas
Promove; Sinais; Saciedade,Saciedade
Promove; Relaxamento; Sono,Sono
Promove; Redução; Fadiga,Fadiga
Promove; Desenvolvimento; Músculos,Músculos
Promove; Energia; Natural,Natural
Previne; Problemas; Dentais,Dentais
Previne; Envelhecimento; Precoce,Precoce
Prevenção; Déficit; Vitamina A,Vitamina A
Prevenção; Doenças; Visão,Visão
Precursor; Vários; Esteróides,Esteróides
Precursor; Dehidroepiandrosterona; DHEA,DHEA
Potente; Adaptógeno; Natural,Natural
Potente; Ação; Antioxidante,Antioxidante
Possui; Ação; Lipotrópica,Lipotrópica
Possui; Ação; Antioxidante,Antioxidante
Possui; Ação; Ansiolítica,Ansiolítica
Pode; Melhorar; Humor,Humor
Pode; Melhorar; Memória,Memória
Pode; Reduzir; Osteoporose,Osteoporose
Participa; Absorção; Aminoácidos,Aminoácidos
Ótimo; Infecção; Urinária,Urinária
Normalizador; Funções; Gastrointestinais,Gastrointestinais
Melhora; Sintomas; TPM,TPM
Melhora; Estado; Relaxamento,Relaxamento
Melhora; Qualidade; Sono,Sono
Melhora; Ingestão; Alimentos,Alimentos
Manutenção; Visão; Saudável,Saudável
Mantém; Hemácias; Saudáveis,Saudáveis
Mantém; Células Nervosas; Saudáveis,Saudáveis
Maior; Espessura; Cabelos,Cabelos
Maior; Espessura; Unha,Unha
Maior; Densidade; Cabelos,Cabelos
Maior; Densidade; Unhas,Unhas
Impulsiona; Níveis; Energia,Energia
Grande; Quantidade; Proteínas,Proteínas
Fundamental; Durante; Envelhecimento,Envelhecimento
Função; Cardiovascular; Saudável,Saudável
Fornece; Mais; Energia,Energia
Fornece; Energia; Treinos,Treinos
Formação; Células; Sangue,Sangue
Formação; Células; Intestino,Intestino
Facilita; Recuperação; Muscular,Muscular
Estimula; Síntese; Proteínas Estruturais,Proteínas Estruturais
Estimula; Síntese; Fibroblastos,Fibroblastos
Estimula; Síntese; Colágeno,Colágeno
Essencial; Saúde; Células Sanguíneas Vermelhas,Células Sanguíneas Vermelhas
Essencial; Produção; Proteínas,Proteínas
Essencial; Produção; Aminoácidos,Aminoácidos
Eleva; Nível; Desenvolvimento Muscular,Desenvolvimento Muscular
Doença de Parkinson; Devido; LDopa,LDopa
Diminuição; Níveis; LDL,LDL
Diminuição; Níveis; Colesterol Total,Colesterol Total
Diminuição; Cansaço; Fadiga,Fadiga
Diminuição; Deficiências; Envelhecimento,Envelhecimento
Diminui; Sintomas; Menopausa,Menopausa
Diminui; Níveis; Triglicérides,Triglicérides
Diminui; Níveis; Colesterol,Colesterol
Diminui; Retenção; Líquidos,Líquidos
Diferenciação; Células; Epiteliais,Epiteliais
Deixa; Pele; Bonita,Bonita
Crescimento; Todos; Tecidos,Tecidos
Correção; Distúrbios; Fuso Horário,Fuso Horário
Controle; Níveis; Açúcar,Açúcar
Combate; Fadiga; Neuromuscular,Neuromuscular
Coadjuvante; Prevenção; Osteoporose,Osteoporose
Coadjuvante; Melhora; Saude Mental,Saude Mental
Coadjuvante; Melhora; Estresse Físico,Estresse Físico
Capacidade; Desintoxicar; Várias Drogas,Várias Drogas
Capacidade; Desintoxicar; Metais Pesados,Metais Pesados
Capacidade; Desintoxicar; Gorduras Peroxidadas,Gorduras Peroxidadas
Capacidade; Desintoxicar; Fumaça Cigarro,Fumaça Cigarro
Capacidade; Desintoxicar; Álcool,Álcool
Bom; Problemas; Bexiga,Bexiga
Bom; Pedra; Rins,Rins
Boa; Fonte; Vitaminas,Vitaminas
Boa; Fonte; Minerais,Minerais
Auxilia; Saúde; Sexual,Sexual
Auxilia; Proteção; Hepática,Hepática
Auxilia; Prevenção; Bócio,Bócio
Auxilia; Prevenção; Arteriosclerose,Arteriosclerose
Auxilia; Formação; Células Vermelhas,Células Vermelhas
Auxilia; Digestão; Lactose,Lactose
Auxiliando; Ganho; Massa Magra,Massa Magra
Auxilia; Redução; Tosse,Tosse
Auxilia; Redução; Bronquite,Bronquite
Auxilia; Tratamento; Colesterol,Colesterol
Auxilia; Tratamento; Alzheimer,Alzheimer
Auxilia; Tratamento; Fibrose Cística,Fibrose Cística
Auxilia; Tratamento; Hiperamonemia,Hiperamonemia
Auxilia; Tratamento; Diabetes,Diabetes
Auxilia; Transporte; Ferro,Ferro
Auxilia; Metabolismo; Energético,Energético
Auxilia; Fortalecimento; Ossos,Ossos
Auxilia; Desenvolvimento; Feto,Feto
Auxilia; Crescimento; Ósseo,Ósseo
Auxilia; Controle; Colesterol,Colesterol
Auxilia; Controle; Diabetes,Diabetes
Auxilia; Combate; Estresse,Estresse
Auxilia; Tensão; Nervosa,Nervosa
Auxilia; Redução; Peso,Peso
Auxilia; Recuperação; Muscular,Muscular
Auxilia; Prevenção; Alzheimer,Alzheimer
Auxilia; Prevenção; Parkinson,Parkinson
Auxilia; Má Absorção; Gorduras,Gorduras
Auxilia; Desintoxicação; Organismo,Organismo
Auxilia; Cicatrização; Tecidos,Tecidos
Auxilia; Absorção; Ferro,Ferro
Auxilia; Acelerar; Metabolismo,Metabolismo
Aumentar; Desempenho Cognitivo; Idosos,Idosos
Aumenta; Níveis; Testosterona,Testosterona
Aumenta; Volume; Muscular,Muscular
Aumenta; Capacidade; Cerebral,Cerebral
Aumenta; Absorção; Cálcio,Cálcio
Atua na; Produção; Colágeno,Colágeno
Atividade; Antioxidante; Potente,Potente
Ajuda; Reduzir; Pressão Alta,Pressão Alta
Ajuda; Funcionamento; Rins,Rins
Ajuda; Tratamento; Câncer,Câncer
Ajuda; Produção; Energia,Energia
Ajuda; Formação; Sangue,Sangue
Ajuda; Absorção; Magnésio,Magnésio
Ajuda; Absorção; Cálcio,Cálcio
Ajuda; Curar; Ferimentos,Ferimentos
Ajuda; Aliviar; Glaucoma,Glaucoma
Ajuda; Aliviar; Estresse,Estresse
Redução; Fadiga; Física,Física
Melhora; Pressão Arterial; Baixa,Baixa
Aumenta; Níveis; Energia,Energia
Coadjuvante; Produção Hormônio; Aumenta; Formação Óssea,Aumenta
Uso Topico; Ajuda; Curar; Queimaduras,Curar
Uso Topico; Ajuda; Curar; Ferimentos,Curar
Pode; Ajudar; Desacelerar; Processo Envelhecimento,Desacelerar
Papel; Importante; Modulação; Atividade Cerebral,Modulação
Melhora; Absorção; Alimentos; Suplementos,Alimentos
Fornece; Proteção; Isquêmica; Tecidos Cardíacos,Isquêmica
Auxilia; Tratamento; Dores Crônicas; Fibromialgia,Dores Crônicas
Usado; Produzir; Hormônios; Esteróides,Hormônios
Suporta; Função; Fígado; Saudável,Fígado
Regula; Níveis; Açúcar; Sangue,Açúcar
Proporciona; Benefícios; Cosméticos; Pele,Cosméticos
Promove; Aumento; Elasticidade; Pele,Elasticidade
Promove; Eliminação; Adequada; Resíduos,Adequada
Possui; Ação; Reguladora; Humor,Reguladora
Ação Preventiva; Doenças; Degenerativas; Pâncreas,Degenerativas
Poderoso; Antioxidante; Combate; Radicais Livres,Combate
Pode; Suportar; Humor; Saudável,Humor
Pode; Promover; Sono; Regenerador,Sono
Pode; Prevenir; Desenvolvimento; Arteriosclerose,Desenvolvimento
Pode; Prevenir; Progressão; Arteriosclerose,Progressão
Papel; Regulação; Mecanismos; Depressão,Mecanismos
Papel; Regulação; Mecanismos; Ansiedade,Mecanismos
Manutenção; Geral; Todos; Tecidos,Todos
Induz; Relaxamento; Sem; Sono,sem
Impulsiona; Capacidades; Defesa Natural; Corpo,Defesa Natural
Fornece; Proteção; Contra; Doenças Crônicas,Contra
Formação; Células; Tecido; Fetal,Tecido
Estimula; Produção; Células; Ósseas,Células
Essencial; Manter; Saúde; Cólon,Saúde
Diminuição; Dano Muscular; Durante; Exercício,Durante
Diminui; Risco; Artrite; Reumatoide,Artrite
Diminui; Excreção; Cálcio; Urina,Cálcio
deve ser; Suplementada; Durante; Gestação,Durante
Contribui; Pigmentação; Pele; Organismo,Pele
Contribui; Formação; Fatores; Coagulação,Fatores
Colabora; Vitamina E; Funcionento; Eficiente,Funcionento
Colabora; Vitamina C; Funcionento; Eficiente,Funcionento
Auxilia; Tratamento; Doenças; Degenerativas,Doenças
Auxilia; Ganho; Massa Muscular; Magra,Massa Muscular
Auxilia; Redução; Peso; Diminui Apetite,Peso
Auxilia; Prevenção; Envelhecimento; Precoce,Envelhecimento
Auxiliando; Fortalecendo; Saúde; Sistema Imunológico,Saúde
Auxilia; Redução; Infecções; Trato Respiratório,Infecções
Auxilia; Alívio; Dores; Artrite,Dores
Auxilia; Metabolização; Vitaminas; Complexo B,Vitaminas
Auxilia; Melhora; Sintomas; Tpm,Sintomas
Auxilia; Melhora; Sintomas; Depressão,Sintomas
Auxilia; Manutenção; Tecidos; Conjuntivos,Tecidos
Aumenta; Níveis; Serotonina; Cérebro,Serotonina
Aumenta; Consideravelmente; Níveis; Gh,Níveis
Aumenta; Produção; Natural; Testosterona,Natural
Aumenta; Disposição; Prática; Atividades Cotidianas,Prática
Aumenta; Absorção; Intestinal; Cálcio,Intestinal
Aumenta; Absorção; Cálcio; Ossos,Cálcio
Aumenta; Absorção; Cálcio; Dentes,Cálcio
Associada; Melhora; Desempenho; Tarefas Cognitivas,Desempenho
Apoia; Função; Nervosa; Saudável,Nervosa
Ajuda; Controle; Equilíbrio; Água Do Corpo,Equilíbrio
Ajuda; Aumentar; Glutationa; Desintoxicação,Glutationa
Recupera; Bactérias Boas; Encontradas; Trato Digestivo; Saudável; ,Encontradas
Melhora; Rendimento; Durante; Prática; Atividade Física; ,Durante
Auxilia; Vitamina D; Sintetizar; Proteína Reguladora; Ossos; ,Sintetizar
Ajuda Organismo; Converter; Alimento; Em; Glicose; ,Alimento
Promove; Melhora; Absorção; Nutrientes; Essenciais; ,Absorção
Pode; Ajudar; Função; Sistema Imunológico; Saudável; ,Função
Auxilia; Proteção; Contra; Ação; Radicais Livres; ,Contra
Ajuda; Suportar; Função; Imunológica; Saudável; ,Função
Ajuda; Proteger; Retina; Olhos; Degeneração; ,Retina
Ajuda; Proteger; Cristalino; Olhos; Degeneração; ,Cristalino
Ajuda; Converter; Alimentos; Em; Energia; ,Alimentos
Promove; Equilíbrio; Saudável; Açúcar; Sangue; ,Saudável
Repositor; Energético; Nutrientes; Vitaminas; Minerais; ,Nutrientes
Comprovadamente; Alivia; Sintomas; Depressão; Suave; Moderada,Sintomas
Coadjuvante; Produção Hormônio; Aumenta; Formação Óssea,Formação Óssea
Uso Topico; Ajuda; Curar; Queimaduras,Queimaduras
Uso Topico; Ajuda; Curar; Ferimentos,Ferimentos
Pode; Ajudar; Desacelerar; Processo Envelhecimento,Processo Envelhecimento
Papel; Importante; Modulação; Atividade Cerebral,Atividade Cerebral
Melhora; Absorção; Alimentos; Suplementos,Suplementos
Fornece; Proteção; Isquêmica; Tecidos Cardíacos,Tecidos Cardíacos
Auxilia; Tratamento; Dores Crônicas; Fibromialgia,Fibromialgia
Usado; Produzir; Hormônios; Esteróides,Esteróides
Suporta; Função; Fígado; Saudável,Saudável
Regula; Níveis; Açúcar; Sangue,Sangue
Proporciona; Benefícios; Cosméticos; Pele,Pele
Promove; Aumento; Elasticidade; Pele,Pele
Promove; Eliminação; Adequada; Resíduos,Resíduos
Possui; Ação; Reguladora; Humor,Humor
Ação Preventiva; Doenças; Degenerativas; Pâncreas,Pâncreas
Poderoso; Antioxidante; Combate; Radicais Livres,Radicais Livres
Pode; Suportar; Humor; Saudável,Saudável
Pode; Promover; Sono; Regenerador,Regenerador
Pode; Prevenir; Desenvolvimento; Arteriosclerose,Arteriosclerose
Pode; Prevenir; Progressão; Arteriosclerose,Arteriosclerose
Papel; Regulação; Mecanismos; Depressão,Depressão
Papel; Regulação; Mecanismos; Ansiedade,Ansiedade
Manutenção; Geral; Todos; Tecidos,Tecidos
Induz; Relaxamento; Sem; Sono,Sono
Impulsiona; Capacidades; Defesa Natural; Corpo,Corpo
Fornece; Proteção; Contra; Doenças Crônicas,Doenças Crônicas
Formação; Células; Tecido; Fetal,Fetal
Estimula; Produção; Células; Ósseas,Ósseas
Essencial; Manter; Saúde; Cólon,Cólon
Diminuição; Dano Muscular; Durante; Exercício,Exercício
Diminui; Risco; Artrite; Reumatoide,Reumatoide
Diminui; Excreção; Cálcio; Urina,Urina
deve ser; Suplementada; Durante; Gestação,Gestação
Contribui; Pigmentação; Pele; Organismo,Organismo
Contribui; Formação; Fatores; Coagulação,Coagulação
Colabora; Vitamina E; Funcionento; Eficiente,Eficiente
Colabora; Vitamina C; Funcionento; Eficiente,Eficiente
Auxilia; Tratamento; Doenças; Degenerativas,Degenerativas
Auxilia; Ganho; Massa Muscular; Magra,Magra
Auxilia; Redução; Peso; Diminui Apetite,Diminui apetite
Auxilia; Prevenção; Envelhecimento; Precoce,Precoce
Auxiliando; Fortalecendo; Saúde; Sistema Imunológico,Sistema Imunológico
Auxilia; Redução; Infecções; Trato Respiratório,Trato Respiratório
Auxilia; Alívio; Dores; Artrite,Artrite
Auxilia; Metabolização; Vitaminas; Complexo B,Complexo B
Auxilia; Melhora; Sintomas; Tpm,TPM
Auxilia; Melhora; Sintomas; Depressão,Depressão
Auxilia; Manutenção; Tecidos; Conjuntivos,Conjuntivos
Aumenta; Níveis; Serotonina; Cérebro,Cérebro
Aumenta; Consideravelmente; Níveis; Gh,GH
Aumenta; Produção; Natural; Testosterona,Testosterona
Aumenta; Disposição; Prática; Atividades Cotidianas,Atividades Cotidianas
Aumenta; Absorção; Intestinal; Cálcio,Cálcio
Aumenta; Absorção; Cálcio; Ossos,Ossos
Aumenta; Absorção; Cálcio; Dentes,Dentes
Associada; Melhora; Desempenho; Tarefas Cognitivas,Tarefas Cognitivas
Apoia; Função; Nervosa; Saudável,Saudável
Ajuda; Controle; Equilíbrio; Água Do Corpo,Água do Corpo
Ajuda; Aumentar; Glutationa; Desintoxicação,Desintoxicação
Recupera; Bactérias Boas; Encontradas; Trato Digestivo; Saudável; ,Trato Digestivo
Melhora; Rendimento; Durante; Prática; Atividade Física; ,Prática
Auxilia; Vitamina D; Sintetizar; Proteína Reguladora; Ossos; ,Proteína Reguladora
Ajuda Organismo; Converter; Alimento; Em; Glicose; ,em
Promove; Melhora; Absorção; Nutrientes; Essenciais; ,Nutrientes
Pode; Ajudar; Função; Sistema Imunológico; Saudável; ,Sistema Imunológico
Auxilia; Proteção; Contra; Ação; Radicais Livres; ,Ação
Ajuda; Suportar; Função; Imunológica; Saudável; ,Imunológica
Ajuda; Proteger; Retina; Olhos; Degeneração; ,Olhos
Ajuda; Proteger; Cristalino; Olhos; Degeneração; ,Olhos
Ajuda; Converter; Alimentos; Em; Energia; ,em
Promove; Equilíbrio; Saudável; Açúcar; Sangue; ,Açúcar
Repositor; Energético; Nutrientes; Vitaminas; Minerais; ,Vitaminas
Comprovadamente; Alivia; Sintomas; Depressão; Suave; Moderada,Depressão
Recupera; Bactérias Boas; Encontradas; Trato Digestivo; Saudável; ,Saudável
Melhora; Rendimento; Durante; Prática; Atividade Física; ,Atividade Física
Auxilia; Vitamina D; Sintetizar; Proteína Reguladora; Ossos; ,Ossos
Ajuda Organismo; Converter; Alimento; Em; Glicose; ,Glicose
Promove; Melhora; Absorção; Nutrientes; Essenciais; ,Essenciais
Pode; Ajudar; Função; Sistema Imunológico; Saudável; ,Saudável
Auxilia; Proteção; Contra; Ação; Radicais Livres; ,Radicais Livres
Ajuda; Suportar; Função; Imunológica; Saudável; ,Saudável
Ajuda; Proteger; Retina; Olhos; Degeneração; ,Degeneração
Ajuda; Proteger; Cristalino; Olhos; Degeneração; ,Degeneração
Ajuda; Converter; Alimentos; Em; Energia; ,Energia
Promove; Equilíbrio; Saudável; Açúcar; Sangue; ,Sangue
Repositor; Energético; Nutrientes; Vitaminas; Minerais; ,Minerais
Comprovadamente; Alivia; Sintomas; Depressão; Suave; Moderada,Suave
Comprovadamente; Alivia; Sintomas; Depressão; Suave; Moderada,Moderada
Regulação; Glicose,Regulação
Regulação; Hormonal,Regulação
Regulação; Hormonal,Hormonal
Regulação; Glicose,Glicose
Melhora; Índice Glicêmico;,Melhora
Melhora; Índice Glicêmico;,Índice Glicêmico
Compulsão; Doces,Compulsão
Compulsão; Doces,Doces
Auxilia; Tratamento; Fibromialgia,Auxilia
Auxilia; Tratamento; Fibromialgia,Tratamento
Auxilia; Tratamento; Fibromialgia,Fibromialgia