Suplementos,GruposSuplementos
5 Htp (Grifonia Simplicifolia),Essenciais
Açafrão (Curcuma),Essenciais
Acetil-L-carnitina,Energia
Ácido Alfa Lipóico (Ala),Energia
Aminoácidos Essenciais (Mix Right ),AAEs
Ashwagandha,Essenciais
Cálcio,Minerais
Chá Verde,Essenciais
Chlorella,Essenciais
Cobre,Minerais
Coenzima Q10,Energia
Cranberry,Essenciais
Creatina,Essenciais
Cromo Picolinato,Minerais
Erva de São João,Essenciais
Ferro Quelato,Minerais
Fosfatidilserina,Essenciais
Gaba,Essenciais
Gengibre,Essenciais
Glutamina,Essenciais
Goji Berry,Essenciais
Iodo (Lugol 2%),Essenciais
L-Arginina Aspartato,Essenciais
Maca Peruana,Essenciais
Magnésio Dimalato,Minerais
Magnésio Treonato,Minerais
Manganês Quelato,Minerais
Melatonina,Essenciais
Mucuna,Essenciais
Óleo de Linhaça,Essenciais
Ômega 3,Essenciais
Potássio,Minerais
PQQ (Pirroloquinolina Quinona),Energia
Probióticos,Essenciais
Própolis Verde,Essenciais
Selênio Quelato,Minerais
Silício Orgânico,Minerais
Taurina,Essenciais
Tribulus Terrestris,Essenciais
Vitamina A,Vitaminas
Vitamina B1 (Tiamina),Vitaminas
Vitamina B12 (metilcobalamina),Vitaminas
Vitamina B2 (Riboflavina),Vitaminas
Vitamina B3 (Niacina),Vitaminas
Vitamina B6 (Piridoxol),Vitaminas
Vitamina B9 (metilfofalato),Vitaminas
Vitamina C,Vitaminas
Vitamina D3,Vitaminas
Vitamina E,Vitaminas
Zinco Quelato,Minerais